time,cbsa_code,area,HouseholdRank,median_listing_price,median_listing_price_mm,median_listing_price_yy,active_listing_count,active_listing_count_mm,active_listing_count_yy,median_days_on_market,median_days_on_market_mm,median_days_on_market_yy,new_listing_count,new_listing_count_mm,new_listing_count_yy,price_increased_count,price_increased_count_mm,price_increased_count_yy,price_reduced_count,price_reduced_count_mm,price_reduced_count_yy,pending_listing_count,pending_listing_count_mm,pending_listing_count_yy,median_listing_price_per_square_foot,median_listing_price_per_square_foot_mm,median_listing_price_per_square_foot_yy,median_square_feet,median_square_feet_mm,median_square_feet_yy,average_listing_price,average_listing_price_mm,average_listing_price_yy,total_listing_count,total_listing_count_mm,total_listing_count_yy,pending_ratio,pending_ratio_mm,pending_ratio_yy
202103,41860,"san francisco-oakland-hayward, ca",11,1049500.0,0.0285,0.0938,3474,0.0392,-0.1245,22.5,-0.02173913,-0.237288136,4328,0.1672,0.3907,64,-0.1111,-0.5294,468,-0.025,-0.2778,4966,0.1279,0.2036,706.361583,0.0164,0.2615,1488.0,0.0227,-0.1361,2021474.351,0.0867,0.2556,8440,0.0896,0.0427,1.429476108,0.1124,0.3897
202103,41940,"san jose-sunnyvale-santa clara, ca",36,1243000.0,0.0119,0.0077,1135,0.0998,-0.0061,15.0,-0.117647059,-0.375,1676,0.1671,0.4806,28,-0.125,-0.3636,248,0.3778,0.3478,1881,0.2198,0.4976,796.9310525000000,0.0161,0.1123,1587.5,0.0092,-0.1069,1964597.5790000000,0.0034,0.0186,3016,0.1717,0.2577,1.657268722,0.1631,0.5574
202102,41860,"san francisco-oakland-hayward, ca",11,1020444.0,0.0308,0.0753,3343,0.0392,-0.0429,23.0,-0.520833333,0.27777777800000000,3708,0.2716,0.0109,72,-0.1,-0.4706,480,0.1111,-0.0769,4403,0.1878,0.2106,694.9641137,0.0242,0.2443,1455.0,0.0104,-0.1441,1860227.66,0.0204,0.1254,7746,0.1187,0.0864,1.317080467,0.1648,0.2759
202102,41940,"san jose-sunnyvale-santa clara, ca",36,1228400.0,0.0246,0.0238,1032,0.0672,0.1037,17.0,-0.552631579,-0.22727272700000000,1436,0.3199,0.1361,32,0.6,0.6,180,0.0465,0.0976,1542,0.266,0.4044,784.3377628,0.0462,0.1405,1573.0,0.0295,-0.1348,1957966.9720000000,0.0091,-0.0232,2574,0.17800000000000000,0.2661,1.494186047,0.2346,0.3199
202101,41860,"san francisco-oakland-hayward, ca",11,990000.0,-0.005,0.0909,3217,-0.214,0.1827,48.0,-0.067961165,-0.020408163,2916,0.3677,0.1444,80,-0.1304,-0.0476,432,-0.2703,0.0286,3707,-0.2197,0.5465,678.5252264,0.0173,0.2591,1440.0,-0.0147,-0.1429,1823109.195,0.0906,0.0166,6924,-0.2171,0.3531,1.152315822,-0.0084,0.2711
202101,41940,"san jose-sunnyvale-santa clara, ca",36,1198888.0,0.014000000000000000,0.0904,967,-0.1678,0.1924,38.0,-0.11627907,-0.254901961,1088,0.4468,0.2477,20,-0.5833,-0.2857,172,-0.1887,0.1944,1218,-0.1135,0.6197,749.672346,0.0052,0.1303,1528.0,0.0036,-0.156,1940293.918,0.0705,0.0085,2185,-0.1384,0.39800000000000000,1.259565667,0.0771,0.3323
202012,41860,"san francisco-oakland-hayward, ca",11,995000.0,-0.0268,0.1093,4093,-0.2673,0.2815,51.5,0.240963855,-0.09649122800000000,2132,-0.3609,0.9888,92,-0.2069,0.0455,592,-0.521,0.451,4751,-0.1524,0.4778,666.9790890000000,-0.0177,0.2479,1461.5,-0.0142,-0.1251,1671656.483,0.0233,0.028000000000000000,8844,-0.2097,0.3799,1.1607622770000000,0.1574,0.1542
202012,41940,"san jose-sunnyvale-santa clara, ca",36,1182344.0,-0.0139,0.0983,1162,-0.2589,0.1643,43.0,0.194444444,-0.271186441,752,-0.3088,1.2381,48,0.2,1.0,212,-0.4804,0.4324,1374,-0.1889,0.4478,745.7681644000000,-0.0081,0.1379,1522.5,-0.0275,-0.1354,1812479.699,-0.0128,0.0244,2536,-0.2226,0.3025,1.182444062,0.1021,0.2315
202011,41860,"san francisco-oakland-hayward, ca",11,1022444.0,-0.0253,0.0994,5586,-0.1099,0.0512,41.5,0.185714286,-0.034883721,3336,-0.3197,0.4184,116,-0.3256,-0.2564,1236,-0.1932,-0.1716,5605,-0.0293,0.4309,679.004329,-0.0019,0.2131,1482.5,-0.009000000000000000,-0.1091,1633587.989,-0.0063,0.0486,11191,-0.0713,0.2123,1.0034013610000000,0.0834,0.2663
202011,41940,"san jose-sunnyvale-santa clara, ca",36,1199000.0,0.0,0.091,1568,-0.0716,-0.0445,36.0,0.058823529000000000,-0.265306122,1088,-0.3079,0.3807,40,-0.1667,-0.0909,408,-0.0811,-0.0973,1694,-0.0568,0.3101,751.8394649,-0.003,0.11700000000000000,1565.5,-0.0222,-0.094,1836071.0180000000,0.0418,0.0404,3262,-0.064,0.1118,1.080357143,0.017,0.2924
202010,41860,"san francisco-oakland-hayward, ca",11,1049000.0,0.0116,0.1136,6276,0.0758,-0.0417,35.0,0.0,0.0,4904,-0.0145,0.2587,172,0.2286,0.1026,1532,-0.0129,-0.2814,5774,0.0405,0.3813,680.2884615,0.0187,0.2262,1496.0,-0.0103,-0.1055,1643873.648,0.0022,0.0986,12050,0.0586,0.1231,0.920012747,-0.0311,0.2817
202010,41940,"san jose-sunnyvale-santa clara, ca",36,1199000.0,0.0,0.0807,1689,0.0018,-0.1852,34.0,-0.028571429,-0.180722892,1572,0.0369,0.3056,48,0.0909,0.0,444,-0.1591,-0.4127,1796,0.0124,0.3225,754.0723982000000,0.0156,0.1101,1601.0,-0.0154,-0.0582,1762367.945,0.0127,0.039,3485,0.0072,0.0157,1.063351095,0.0112,0.4083
202009,41860,"san francisco-oakland-hayward, ca",11,1037000.0,0.0117,0.1083,5834,0.0344,-0.1198,35.0,0.0,0.076923077,4976,0.0931,-0.0024,140,-0.125,0.0,1552,0.0157,-0.2815,5549,0.0362,0.4316,667.829961,0.0283,0.2165,1511.5,-0.0229,-0.1093,1640237.621,-0.0024,0.1144,11383,0.0353,0.0837,0.95114844,0.0017,0.3664
202009,41940,"san jose-sunnyvale-santa clara, ca",36,1199000.0,-0.0007,0.0531,1686,0.0024,-0.2487,35.0,0.09375,-0.156626506,1516,0.0053,0.1881,44,-0.2143,-0.1538,528,-0.0833,-0.4133,1774,0.0687,0.3805,742.5027102000000,0.0017,0.08,1626.0,-0.0187,-0.0382,1740276.4820000000,-0.0092,0.0292,3460,0.0353,-0.0196,1.052194543,0.0653,0.4796
202008,41860,"san francisco-oakland-hayward, ca",11,1025000.0,-0.0238,0.1183,5640,0.0299,-0.1291,35.0,0.044776119,-0.027777778,4552,0.0,-0.0274,160,0.1111,-0.0244,1528,0.0214,-0.2451,5355,0.0577,0.3351,649.475891,0.0155,0.2035,1547.0,-0.028000000000000000,-0.09300000000000000,1644133.733,-0.0068,0.1049,10995,0.0433,0.0484,0.949468085,0.0249,0.3301
202008,41940,"san jose-sunnyvale-santa clara, ca",36,1199800.0,-0.0145,0.0744,1682,0.0054,-0.2616,32.0,-0.058823529000000000,-0.23809523800000000,1508,0.0272,0.2161,56,0.1667,0.5556,576,0.0588,-0.405,1660,0.0447,0.2055,741.2206573,0.0114,0.0827,1657.0,-0.0224,-0.0276,1756360.826,-0.0107,0.0467,3342,0.0245,-0.0856,0.9869203330000000,0.0371,0.3824
202007,41860,"san francisco-oakland-hayward, ca",11,1050000.0,0.0005,0.1479,5476,0.0234,-0.1424,33.5,0.063492063,-0.042857143,4552,0.0327,0.0374,144,0.0286,-0.1628,1496,0.1333,-0.1991,5063,0.1256,0.2185,639.5448953,0.054000000000000000,0.1878,1591.5,-0.0453,-0.0709,1655346.051,0.0058,0.1101,10539,0.0701,-0.0001,0.924579985,0.084,0.2738
202007,41940,"san jose-sunnyvale-santa clara, ca",36,1217500.0,-0.0118,0.0775,1673,0.0115,-0.2941,34.0,-0.042253521000000000,-0.10526315800000000,1468,0.0988,0.0397,48,-0.1429,0.2,544,0.0625,-0.4262,1589,0.0751,0.11900000000000000,732.8344923,0.0043,0.0746,1695.0,-0.0314,-0.0105,1775272.362,-0.0152,0.0778,3262,0.0415,-0.1393,0.949790795,0.0562,0.3506
202006,41860,"san francisco-oakland-hayward, ca",11,1049444.0,0.0521,0.1058,5351,0.0754,-0.1701,31.5,-0.125,0.016129032000000000,4408,0.1361,-0.1048,140,0.0606,-0.125,1320,0.4043,-0.3082,4498,0.43200000000000000,0.0534,606.7997297000000,0.0495,0.12,1667.0,-0.0403,-0.048,1645821.477,0.0311,0.1447,9849,0.2134,-0.0811,0.8405905440000000,0.2094,0.1784
202006,41940,"san jose-sunnyvale-santa clara, ca",36,1232000.0,0.0275,0.0621,1654,0.0012,-0.321,35.5,-0.040540541,0.109375,1336,0.0637,-0.2233,56,0.0769,-0.1765,512,0.2308,-0.4667,1478,0.4721,-0.0147,729.6747499000000,0.0138,0.0542,1750.0,-0.0185,0.0127,1802651.041,-0.0024,0.0953,3132,0.1792,-0.2043,0.893591294,0.2858,0.2778
202005,41860,"san francisco-oakland-hayward, ca",11,997500.0,0.0674,0.05,4976,0.314,-0.159,36.0,-0.088607595,0.28571428600000000,3880,0.7572,-0.2392,132,0.0,-0.0833,940,0.8651,-0.4154,3141,0.1142,-0.3048,578.1584582,0.0546,0.0648,1737.0,-0.002,-0.0253,1596203.979,0.0507,0.0728,8117,0.2287,-0.2221,0.631229904,-0.1132,-0.1323
202005,41940,"san jose-sunnyvale-santa clara, ca",36,1199000.0,0.0006,0.0191,1652,0.2111,-0.2538,37.0,0.072463768,0.345454545,1256,0.5392,-0.3618,52,0.1818,-0.1333,416,1.6,-0.4639,1004,0.1715,-0.3585,719.7368421,0.0097,0.0349,1783.0,0.0183,0.0253,1807014.2240000000,0.006,0.0995,2656,0.1959,-0.2972,0.607748184,-0.0206,-0.0991
202004,41860,"san francisco-oakland-hayward, ca",11,934500.0,-0.026000000000000000,0.0027,3787,-0.0456,-0.2847,39.5,0.33898305100000000,0.38596491200000000,2208,-0.2905,-0.5616,132,-0.0294,-0.0833,504,-0.2222,-0.6471,2819,-0.3168,-0.3344,548.2162283,-0.021,0.0089,1740.5,0.0104,0.0037,1519131.785,-0.0564,0.0,6606,-0.1838,-0.3067,0.744388698,-0.2954,-0.0556
202004,41940,"san jose-sunnyvale-santa clara, ca",36,1198250.0,-0.0286,0.0771,1364,0.1944,-0.2671,34.5,0.4375,0.23214285700000000,816,-0.2792,-0.5154,44,0.0,0.2222,160,-0.1304,-0.7183,857,-0.3177,-0.4373,712.8399836,-0.005,0.0198,1751.0,-0.0149,0.034,1796266.948,-0.0687,0.1012,2221,-0.0738,-0.3437,0.62829912,-0.4715,-0.1901
202003,41860,"san francisco-oakland-hayward, ca",11,959475.0,0.011000000000000000,0.0636,3968,0.136,-0.1932,29.5,0.638888889,0.053571429000000000,3112,-0.1516,-0.2836,136,0.0,0.3077,648,0.2462,-0.4414,4126,0.1345,0.1496,559.9508728,0.0026,0.023,1722.5,0.0132,0.0299,1609991.491,-0.026000000000000000,0.0897,8094,0.1352,-0.0485,1.039818548,-0.0014,0.3101
202003,41940,"san jose-sunnyvale-santa clara, ca",36,1233500.0,0.028000000000000000,0.122,1142,0.2214,-0.3186,24.0,0.090909091,-0.14285714300000000,1132,-0.1044,-0.2453,44,1.2,-0.0833,184,0.122,-0.6102,1256,0.1439,-0.0338,716.4445328000000,0.0418,0.025,1777.5,-0.0223,0.0604,1928750.985,-0.0378,0.1894,2398,0.1795,-0.1942,1.099824869,-0.0745,0.3242
202002,41860,"san francisco-oakland-hayward, ca",11,949000.0,0.0457,0.0827,3493,0.2842,-0.2227,18.0,-0.632653061,-0.333333333,3668,0.4396,0.0362,136,0.619,0.4783,520,0.2381,-0.4372,3637,0.5173,0.2811,558.5106383,0.0364,0.0261,1700.0,0.0119,0.0533,1652970.375,-0.0783,0.1887,7130,0.3934,-0.0277,1.041225308,0.16,0.4095
202002,41940,"san jose-sunnyvale-santa clara, ca",36,1199888.0,0.0913,0.1162,935,0.1529,-0.3618,22.0,-0.568627451,-0.13725490200000000,1264,0.4495,-0.0032,20,-0.2857,-0.5833,164,0.1389,-0.5287,1098,0.4601,0.1497,687.7152698,0.0369,-0.006,1818.0,0.0041,0.1028,2004437.368,0.0418,0.2533,2033,0.3007,-0.1599,1.1743315510000000,0.2471,0.5225
202001,41860,"san francisco-oakland-hayward, ca",11,907500.0,0.0117,0.0973,2720,-0.1484,-0.3065,49.0,-0.14035087700000000,0.010309278,2548,1.3769,-0.2938,84,-0.0455,-0.1923,420,0.0294,-0.3895,2397,-0.2544,0.0861,538.8990852000000,0.0083,0.0157,1680.0,0.0057,0.066,1793402.3630000000,0.1028,0.3923,5117,-0.2016,-0.1651,0.88125,-0.1253,0.3185
202001,41940,"san jose-sunnyvale-santa clara, ca",36,1099500.0,0.0214,0.1006,811,-0.1874,-0.3742,51.0,-0.13559322,-0.037735849,872,1.5952,-0.2733,28,0.1667,0.1667,144,-0.027000000000000000,-0.52,752,-0.2076,0.1308,663.2269693,0.012,-0.0124,1810.5,0.0281,0.1231,1924006.064,0.0874,0.2877,1563,-0.1972,-0.203,0.927250308,-0.0237,0.4141
201912,41860,"san francisco-oakland-hayward, ca",11,897000.0,-0.0355,0.0565,3194,-0.3989,-0.3063,57.0,0.325581395,0.14,1072,-0.5442,-0.2451,88,-0.4359,-0.2667,408,-0.7265,-0.5049,3215,-0.1792,0.0825,534.4746358,-0.0451,-0.0005,1670.5,0.0039,0.052000000000000000,1626203.928,0.0438,0.2327,6409,-0.3057,-0.1538,1.006574828,0.2695,0.3615
201912,41940,"san jose-sunnyvale-santa clara, ca",36,1076500.0,-0.0205,0.0766,998,-0.3918,-0.3333,59.0,0.204081633,0.156862745,336,-0.5736,-0.3438,24,-0.4545,0.0,148,-0.6726,-0.5375,949,-0.266,0.0215,655.3739798000000,-0.0263,-0.0106,1761.0,0.0191,0.0911,1769287.9630000000,0.0026,0.1905,1947,-0.3364,-0.1974,0.950901804,0.163,0.3303
201911,41860,"san francisco-oakland-hayward, ca",11,930000.0,-0.0127,0.0485,5314,-0.1886,-0.1706,43.0,0.228571429,0.178082192,2352,-0.3963,-0.2576,156,0.0,-0.09300000000000000,1492,-0.3002,-0.1484,3917,-0.0629,0.07400000000000000,559.7433841,0.009000000000000000,0.0324,1664.0,-0.0051,0.0221,1557895.2380000000,0.0412,0.0716,9231,-0.1396,-0.0819,0.737109522,0.0988,0.1679
201911,41940,"san jose-sunnyvale-santa clara, ca",36,1099000.0,-0.0095,0.0167,1641,-0.2084,-0.2245,49.0,0.180722892,0.306666667,788,-0.3455,-0.2566,44,-0.0833,-0.1538,452,-0.4021,-0.3925,1293,-0.0479,0.0967,673.0888031000000,-0.0092,-0.002,1728.0,0.0165,0.068,1764739.091,0.0404,0.1647,2934,-0.1449,-0.1096,0.787934186,0.1328,0.2308
201910,41860,"san francisco-oakland-hayward, ca",11,941950.0,0.0067,0.0478,6549,-0.0119,-0.0291,35.0,0.076923077,0.129032258,3896,-0.2189,-0.1186,156,0.1143,-0.1522,2132,-0.013000000000000000,-0.1205,4180,0.0784,0.0674,554.7728079,0.0105,0.0055,1672.5,-0.0144,0.0051,1496291.621,0.0166,0.0768,10729,0.0214,0.0064,0.638265384,0.0535,0.0577
201910,41940,"san jose-sunnyvale-santa clara, ca",36,1109500.0,-0.0255,0.0119,2073,-0.0762,-0.0552,41.5,0.0,0.36065573800000000,1204,-0.0564,-0.1375,48,-0.0769,0.0,756,-0.16,-0.1563,1358,0.0568,0.0601,679.3105297000000,-0.0119,-0.0123,1700.0,0.0056,0.0391,1696148.405,0.0031,0.0846,3431,-0.0278,-0.0127,0.6550892430000000,0.0825,0.0712
201909,41860,"san francisco-oakland-hayward, ca",11,935658.2857,0.0208,0.0408,6628,0.0235,0.0153,32.5,-0.097222222,0.20370370400000000,4988,0.0658,-0.0008,140,-0.1463,-0.1463,2160,0.0672,0.1588,3876,-0.0337,0.0125,548.9824990000000,0.0173,0.0051,1697.0,-0.0051,0.0223,1471877.429,-0.0108,0.0666,10504,0.0016,0.0143,0.584791792,-0.0346,-0.0016
201909,41940,"san jose-sunnyvale-santa clara, ca",36,1138500.0,0.0195,0.0084,2244,-0.0149,0.0681,41.5,-0.011904762,0.38333333300000000,1276,0.029000000000000000,-0.2547,52,0.4444,-0.1875,900,-0.0702,0.2784,1285,-0.0668,0.0559,687.5144336,0.0042,0.0049,1690.5,-0.0079,0.0227,1690915.4780000000,0.0077,0.0502,3529,-0.0345,0.0636,0.5726381460000000,-0.0318,-0.0066
201908,41860,"san francisco-oakland-hayward, ca",11,916602.2857,0.0021,0.0308,6476,0.0143,0.1924,36.0,0.028571429,0.263157895,4680,0.0665,0.1007,164,-0.0465,-0.0465,2024,0.0835,0.3787,4011,-0.0347,0.0126,539.6713644000000,0.0023,0.0148,1705.714286,-0.0043,0.0105,1488007.9310000000,-0.0022,0.0891,10487,-0.005,0.1166,0.619363805,-0.0314,-0.11
201908,41940,"san jose-sunnyvale-santa clara, ca",36,1116714.2860000000,-0.0117,-0.0414,2278,-0.0388,0.213,42.0,0.10526315800000000,0.473684211,1240,-0.1218,-0.153,36,-0.1,-0.5,968,0.0211,0.6026,1377,-0.0303,0.0511,684.6320628,0.004,-0.0142,1704.0,-0.0053,0.029000000000000000,1678040.9010000000,0.0188,0.0277,3655,-0.0356,0.1465,0.604477612,0.0053,-0.0931
201907,41860,"san francisco-oakland-hayward, ca",11,914695.0,-0.0361,-0.0079,6385,-0.0098,0.2192,35.0,0.129032258,0.20689655200000000,4388,-0.1089,-0.0436,172,0.075,0.1944,1868,-0.021,0.4503,4155,-0.0269,-0.0079,538.4272589,-0.0062,0.0052,1713.0,-0.0217,-0.0009,1491218.2340000000,0.0372,-0.0079,10540,-0.0166,0.1183,0.650743931,-0.0115,-0.149
201907,41940,"san jose-sunnyvale-santa clara, ca",36,1129950.0,-0.0259,-0.0576,2370,-0.0271,0.3474,38.0,0.1875,0.490196078,1412,-0.1791,-0.1411,40,-0.4118,-0.5,948,-0.0125,0.8231,1420,-0.0533,0.0629,681.9286833,-0.0148,-0.0422,1713.0,-0.0087,0.0133,1647058.7520000000,0.0007,-0.0311,3790,-0.0371,0.2246,0.599156118,-0.0166,-0.1604
201906,41860,"san francisco-oakland-hayward, ca",11,949000.0,-0.0011,-0.0316,6448,0.0897,0.3259,31.0,0.107142857,0.291666667,4924,-0.0345,-0.0152,160,0.1111,-0.0909,1908,0.1866,0.9080000000000000,4270,-0.0549,-0.0756,541.7827298,-0.0022,-0.0128,1751.0,-0.0174,0.0006,1437746.481,-0.0337,-0.09300000000000000,10718,0.0271,0.1304,0.662220844,-0.1013,-0.2876
201906,41940,"san jose-sunnyvale-santa clara, ca",36,1160000.0,-0.014000000000000000,-0.0705,2436,0.1003,0.6482,32.0,0.163636364,0.454545455,1720,-0.126,-0.0046,68,0.1333,-0.0556,960,0.2371,1.3077,1500,-0.0415,0.006,692.1846154,-0.0047,-0.0462,1728.0,-0.0063,-0.0029,1645833.2140000000,0.0014,-0.0668,3936,0.0415,0.3257,0.615763547,-0.0911,-0.39300000000000000
201905,41860,"san francisco-oakland-hayward, ca",11,949999.5,0.0193,-0.0419,5917,0.1177,0.3571,28.0,-0.01754386,0.365853659,5100,0.0127,-0.0078,144,0.0,0.0588,1608,0.1261,0.7328,4518,0.0668,-0.0259,542.992963,-0.0007,-0.0198,1782.0,0.0277,0.0062,1487914.29,-0.0206,-0.0876,10435,0.0951,0.1597,0.763562616,-0.0364,-0.3002
201905,41940,"san jose-sunnyvale-santa clara, ca",36,1176500.0,0.0575,-0.0801,2214,0.1897,0.8313,27.5,-0.017857143,0.666666667,1968,0.1686,0.1131,60,0.6667,-0.0625,776,0.3662,2.4035,1565,0.0276,-0.0076,695.4837953,-0.005,-0.0422,1739.0,0.0269,-0.0222,1643469.436,0.0075,-0.0819,3779,0.1167,0.3564,0.706865402,-0.1115,-0.5975
201904,41860,"san francisco-oakland-hayward, ca",11,932000.0,0.0331,-0.0504,5294,0.0765,0.3704,28.5,0.017857143,0.26666666700000000,5036,0.1593,0.0553,144,0.3846,0.1613,1428,0.231,1.2174,4235,0.18,0.0124,543.3675815,-0.0073,-0.0182,1734.0,0.0367,-0.0117,1519135.019,0.0282,-0.0663,9529,0.1201,0.1843,0.7999622210000000,0.0702,-0.2829
201904,41940,"san jose-sunnyvale-santa clara, ca",36,1112500.0,0.0119,-0.1086,1861,0.1104,0.8666,28.0,0.0,0.5555555560000000,1684,0.1227,-0.0164,36,-0.25,-0.1,568,0.2034,2.8378,1523,0.1715,0.0511,698.9693814,0.0,-0.043,1693.5,0.0103,-0.0435,1631252.042,0.006,-0.1076,3384,0.1371,0.3835,0.818377217,0.0427,-0.635
201903,41860,"san francisco-oakland-hayward, ca",11,902142.8571,0.0293,-0.0392,4918,0.0943,0.4615,28.0,0.037037037,0.272727273,4344,0.2271,0.0442,104,0.1304,-0.1333,1160,0.2554,1.3770000000000000,3589,0.2642,-0.0769,547.3496068,0.0056,0.0169,1672.5714290000000,0.0363,-0.031,1477508.376,0.0626,-0.0508,8507,0.1601,0.1729,0.7297681980000000,0.098,-0.4257
201903,41940,"san jose-sunnyvale-santa clara, ca",36,1099364.571,0.0227,-0.1205,1676,0.14400000000000000,1.095,28.0,0.098039216,0.75,1500,0.183,0.0534,48,0.0,0.5,472,0.3563,3.069,1300,0.3613,-0.058000000000000000,698.9772697000000,0.0103,-0.0005,1676.285714,0.0169,-0.0774,1621571.625,0.0139,-0.1119,2976,0.2298,0.3651,0.775656325,0.1238,-0.9493
201902,41860,"san francisco-oakland-hayward, ca",11,876500.0,0.0599,-0.0201,4494,0.1458,0.5354,27.0,-0.443298969,0.42105263200000000,3540,-0.0188,-0.0167,92,-0.1154,-0.3784,924,0.34300000000000000,1.4316,2839,0.2864,-0.1125,544.3075551,0.0259,0.0336,1614.0,0.0241,-0.0525,1390515.6730000000,0.0795,-0.08900000000000000,7333,0.1964,0.19700000000000000,0.631731197,0.069,-0.4612
201902,41940,"san jose-sunnyvale-santa clara, ca",36,1075000.0,0.0761,-0.1038,1465,0.1304,1.1640000000000000,25.5,-0.518867925,0.457142857,1268,0.0567,0.1007,48,1.0,0.5,348,0.16,3.8333,955,0.4361,-0.1083,691.8362083,0.0302,0.0446,1648.5,0.0226,-0.1298,1599356.802,0.0704,-0.1034,2420,0.2341,0.3844,0.6518771330000000,0.1388,-0.9301
201901,41860,"san francisco-oakland-hayward, ca",11,827000.0,-0.0259,-0.0035,3922,-0.1481,0.5976,48.5,-0.03,0.564516129,3608,1.5408,0.239,104,-0.1333,0.04,688,-0.165,1.3243,2207,-0.2569,-0.1094,530.5913780000000,-0.0078,0.0585,1576.0,-0.0076,-0.0658,1288106.744,-0.0236,-0.1328,6129,-0.1908,0.2424,0.5627231,-0.0824,-0.4466
201901,41940,"san jose-sunnyvale-santa clara, ca",36,999000.0,-0.001,-0.0918,1296,-0.1343,1.2539,53.0,0.039215686,1.038461538,1200,1.3438,0.3889,24,0.0,-0.1429,300,-0.0625,4.7692,665,-0.2842,-0.0928,671.5806572,0.0139,0.0584,1612.0,-0.0012,-0.1498,1494135.606,0.0054,-0.17800000000000000,1961,-0.1917,0.4992,0.513117284,-0.1075,-0.7617
201812,41860,"san francisco-oakland-hayward, ca",11,849000.0,-0.0428,-0.023,4604,-0.2814,0.8162,50.0,0.369863014,0.13636363600000000,1420,-0.5518,0.0,120,-0.3023,0.2,824,-0.5297,1.9014,2970,-0.1856,-0.1195,534.7432024,-0.0137,0.0616,1588.0,-0.0246,-0.0868,1319181.585,-0.0926,-0.1474,7574,-0.2467,0.282,0.645091225,0.0759,-0.6855
201812,41940,"san jose-sunnyvale-santa clara, ca",36,999950.0,-0.075,-0.1228,1497,-0.2925,1.5855,51.0,0.36,0.37837837800000000,512,-0.517,-0.0791,24,-0.5385,0.0,320,-0.5699,4.0,929,-0.212,-0.1135,662.3925729000000,-0.0178,0.0758,1614.0,-0.0025,-0.1946,1486160.256,-0.0192,-0.23600000000000000,2426,-0.2637,0.4911,0.620574482,0.0634,-1.1894
201811,41860,"san francisco-oakland-hayward, ca",11,887000.0,-0.0133,-0.0022,6407,-0.0501,0.6319,36.5,0.177419355,0.013888889,3168,-0.2833,0.1528,172,-0.0652,0.5926,1752,-0.2772,1.6071,3647,-0.0687,-0.1618,542.1686245,-0.0174,0.0601,1628.0,-0.0216,-0.0496,1453737.8570000000,0.0462,-0.0461,10054,-0.0569,0.2147,0.569221164,-0.0114,-0.539
201811,41940,"san jose-sunnyvale-santa clara, ca",36,1081000.0,-0.0141,-0.0596,2116,-0.0356,1.6253,37.5,0.229508197,0.119402985,1060,-0.2407,0.1991,52,0.0833,1.1667,744,-0.1696,4.6364,1179,-0.0796,-0.1075,674.4230793000000,-0.0194,0.0801,1618.0,-0.011000000000000000,-0.191,1515218.1710000000,-0.0311,-0.2162,3295,-0.0518,0.5491,0.557183365,-0.0267,-1.0818
201810,41860,"san francisco-oakland-hayward, ca",11,899000.0,0.0,0.01,6745,0.0332,0.4484,31.0,0.148148148,0.016393443,4420,-0.1146,0.1607,184,0.122,0.2778,2424,0.3004,1.2198,3916,0.023,-0.1668,551.7435891,0.0101,0.0735,1664.0,0.0024,-0.0252,1389529.878,0.0069,-0.0774,10661,0.0295,0.1394,0.580578206,-0.0058,-0.4287
201810,41940,"san jose-sunnyvale-santa clara, ca",36,1096444.0,-0.0288,-0.0135,2194,0.0443,1.3095,30.5,0.016666667,0.033898305,1396,-0.1846,0.2599,48,-0.25,0.7143,896,0.2727,4.0909,1281,0.0526,-0.1153,687.7683816000000,0.0053,0.1296,1636.0,-0.0103,-0.1423,1563906.26,-0.0287,-0.1443,3475,0.0473,0.4491,0.5838650870000000,0.0046,-0.9403
201809,41860,"san francisco-oakland-hayward, ca",11,899000.0,0.011000000000000000,0.0393,6528,0.20200000000000000,0.3336,27.0,-0.052631579000000000,-0.035714286,4992,0.174,0.1253,164,-0.0465,0.1081,1864,0.2698,0.7453,3828,-0.0336,-0.1268,546.2005141,0.0271,0.0742,1660.0,-0.0166,-0.0241,1379942.961,0.01,-0.0385,10356,0.1026,0.1161,0.5863970590000000,-0.1429,-0.3092
201809,41940,"san jose-sunnyvale-santa clara, ca",36,1129000.0,-0.0309,0.0311,2101,0.1187,1.0761,30.0,0.052631579000000000,0.0,1712,0.1694,0.4219,64,-0.1111,1.0,704,0.1656,2.2593,1217,-0.071,-0.1978,684.1294299,-0.0149,0.1431,1653.0,-0.0018,-0.1314,1610042.352,-0.0139,-0.1203,3318,0.0408,0.312,0.5792479770000000,-0.1183,-0.9198
201808,41860,"san francisco-oakland-hayward, ca",11,889250.0,-0.0355,0.0468,5431,0.037000000000000000,0.2018,28.5,-0.017241379000000000,-0.08064516100000000,4252,-0.0732,0.1061,172,0.1944,-0.0851,1468,0.1398,0.4449,3961,-0.0542,-0.1428,531.7752156,-0.0072,0.0795,1688.0,-0.0155,-0.014000000000000000,1366298.642,-0.091,-0.0028,9392,-0.0035,0.0276,0.729331615,-0.0704,-0.2932
201808,41940,"san jose-sunnyvale-santa clara, ca",36,1165000.0,-0.0284,0.1366,1878,0.0677,0.6768,28.5,0.117647059,-0.017241379000000000,1464,-0.1095,0.1546,72,-0.1,0.6364,604,0.1615,1.5593,1310,-0.0195,-0.1943,694.4871527,-0.0245,0.1836,1656.0,-0.0204,-0.1015,1632795.977,-0.0395,-0.004,3188,0.03,0.161,0.697550586,-0.062,-0.7542
201807,41860,"san francisco-oakland-hayward, ca",11,922000.0,-0.0592,0.0489,5237,0.0769,0.106,29.0,0.208333333,-0.064516129,4588,-0.0824,0.1061,144,-0.1818,-0.122,1288,0.28800000000000000,0.2778,4188,-0.0933,-0.115,535.6363636,-0.024,0.0736,1714.5,-0.0203,-0.002,1503147.98,-0.0517,0.053,9425,-0.006,-0.0044,0.799694482,-0.1501,-0.1997
201807,41940,"san jose-sunnyvale-santa clara, ca",36,1199000.0,-0.0393,0.1585,1759,0.1901,0.4957,25.5,0.159090909,-0.15,1644,-0.0486,0.2124,80,0.1111,0.8182,520,0.25,1.2034,1336,-0.10400000000000000,-0.2014,711.9480489,-0.019,0.2111,1690.5,-0.0245,-0.1056,1699891.475,-0.0361,0.0262,3095,0.0424,0.0863,0.7595224560000000,-0.2493,-0.6631
201806,41860,"san francisco-oakland-hayward, ca",11,980000.0,-0.0116,0.0889,4863,0.1154,-0.0029,24.0,0.17073170700000000,-0.15789473700000000,5000,-0.0272,0.0452,176,0.2941,0.4667,1000,0.0776,-0.0602,4619,-0.0041,-0.0833,548.7804878,-0.0094,0.081,1750.0,-0.0119,-0.0054,1585169.654,-0.028000000000000000,0.0789,9482,0.0538,-0.0438,0.949825211,-0.1139,-0.0834
201806,41940,"san jose-sunnyvale-santa clara, ca",36,1248000.0,-0.0242,0.2486,1478,0.2225,0.1502,22.0,0.333333333,-0.185185185,1728,-0.0226,0.125,72,0.125,0.3846,416,0.8246,0.3867,1491,-0.0545,-0.1906,725.7267843,-0.0006,0.23200000000000000,1733.0,-0.0256,-0.0622,1763624.646,-0.0148,0.0723,2969,0.0657,-0.0505,1.00879567,-0.2956,-0.4247
201805,41860,"san francisco-oakland-hayward, ca",11,991500.0,0.0102,0.1026,4360,0.1287,-0.0474,20.5,-0.088888889,-0.088888889,5140,0.0771,0.0198,136,0.0968,0.0,928,0.441,0.0404,4638,0.1088,-0.0737,553.9883386,0.001,0.0938,1771.0,0.0094,0.01,1630855.6730000000,0.0024,0.1094,8998,0.1183,-0.0611,1.063761468,-0.0191,-0.0302
201805,41940,"san jose-sunnyvale-santa clara, ca",36,1279000.0,0.0248,0.2809,1209,0.2126,-0.0707,16.5,-0.083333333,-0.326530612,1768,0.0327,0.1333,64,0.6,0.6,228,0.5405,-0.24,1577,0.0883,-0.1302,726.1351614,-0.0058,0.2457,1778.5,0.0045,-0.0244,1790082.802,-0.0208,0.1023,2786,0.139,-0.1053,1.304383788,-0.149,-0.0892
201804,41860,"san francisco-oakland-hayward, ca",11,981500.0,0.0453,0.0966,3863,0.14800000000000000,-0.0685,22.5,0.022727273,-0.0625,4772,0.1471,0.011000000000000000,124,0.0333,0.1481,644,0.3197,0.0,4183,0.0759,-0.0938,553.4515177000000,0.0283,0.08800000000000000,1754.5,0.0165,0.0095,1626956.3970000000,0.0453,0.1107,8046,0.1093,-0.0818,1.082837173,-0.0726,-0.0303
201804,41940,"san jose-sunnyvale-santa clara, ca",36,1248000.0,-0.0016,0.2735,997,0.2463,-0.1894,18.0,0.125,-0.181818182,1712,0.2022,0.049,40,0.25,-0.0909,148,0.2759,-0.3833,1449,0.05,-0.1148,730.3537716,0.0443,0.284,1770.5,-0.0256,-0.0186,1828029.969,0.0011,0.2309,2446,0.122,-0.1468,1.45336008,-0.2716,0.1225
201803,41860,"san francisco-oakland-hayward, ca",11,938950.0,0.0497,0.061,3365,0.1496,-0.0753,22.0,0.15789473700000000,-0.083333333,4160,0.1556,0.0369,120,-0.1892,0.2,488,0.2842,-0.1408,3888,0.2154,-0.0402,538.2352941,0.0221,0.0696,1726.0,0.0132,0.007000000000000000,1556505.2780000000,0.0197,0.1045,7253,0.184,-0.0568,1.155423477,0.0625,0.0422
201803,41940,"san jose-sunnyvale-santa clara, ca",36,1250000.0,0.0421,0.3062,800,0.1817,-0.2403,16.0,-0.085714286,-0.304347826,1424,0.2361,0.0114,32,0.0,-0.3333,116,0.6111,-0.3696,1380,0.2885,-0.024,699.3393756,0.0559,0.2081,1817.0,-0.0409,0.0128,1825963.729,0.0236,0.2286,2180,0.2471,-0.1163,1.725,0.14300000000000000,0.3822
201802,41860,"san francisco-oakland-hayward, ca",11,894500.0,0.0778,0.0662,2927,0.1923,-0.0949,19.0,-0.387096774,-0.254901961,3600,0.2363,0.0976,148,0.48,0.3214,380,0.2838,-0.18100000000000000,12796,0.29100000000000000,2.7122,526.6134488,0.0505,0.0771,1703.5,0.0098,0.0451,1526413.154,0.0277,0.1155,15723,0.2714,1.3534,4.37171165,0.3342,3.3058
201802,41940,"san jose-sunnyvale-santa clara, ca",36,1199450.0,0.0904,0.2594,677,0.1774,-0.2933,17.5,-0.326923077,-0.239130435,1152,0.3333,0.0511,32,0.1429,-0.2727,72,0.3846,-0.5263,4284,0.4611,2.6061,662.3061365,0.0437,0.1913,1894.5,-0.0008,0.056000000000000000,1783784.3380000000,-0.0187,0.203,4961,0.4146,1.3117,6.3279172820000000,1.2288,5.0878
201801,41860,"san francisco-oakland-hayward, ca",11,829940.0,-0.0449,0.0388,2455,-0.0316,-0.1664,31.0,-0.295454545,-0.295454545,2912,1.0507,-0.0396,100,0.0,-0.1667,296,0.0423,-0.1957,9912,1.9386,2.4074,501.2886598,-0.0049,0.0604,1687.0,-0.0299,0.0452,1485330.469,-0.04,0.1455,12367,1.0933,1.1126,4.037474542,2.7069,3.0497
201801,41940,"san jose-sunnyvale-santa clara, ca",36,1100000.0,-0.035,0.2445,575,-0.0069,-0.2936,26.0,-0.297297297,-0.415730337,864,0.5540000000000000,-0.1529,28,0.1667,-0.3636,52,-0.1875,-0.5357,2932,1.7977,2.2009,634.5450536000000,0.0305,0.2088,1896.0,-0.0539,0.0607,1817751.321,-0.0656,0.2772,3507,1.1555,1.0272,5.099130435,3.2891,3.9738
201712,41860,"san francisco-oakland-hayward, ca",11,869000.0,-0.0225,0.1014,2535,-0.3543,-0.2108,44.0,0.222222222,-0.12,1420,-0.4833,-0.2266,100,-0.0741,0.0417,284,-0.5774,-0.3486,13492,-0.2248,-0.1898,503.73700310000000,-0.0151,0.0864,1739.0,0.0152,0.0682,1547217.073,0.0152,0.1515,16027,-0.2486,-0.1932,5.322287968,0.8893,0.138
201712,41940,"san jose-sunnyvale-santa clara, ca",36,1139900.0,-0.0084,0.3027,579,-0.2816,-0.5072,37.0,0.104477612,-0.26,556,-0.371,-0.0544,24,0.0,0.0,64,-0.5152,-0.5556,4192,-0.2067,-0.2362,615.7407407000000,-0.0138,0.1602,2004.0,0.002,0.1133,1945336.3070000000,0.0063,0.3557,4771,-0.2166,-0.284,7.240069085,0.6842,2.5694
201711,41860,"san francisco-oakland-hayward, ca",11,889000.0,-0.0012,0.1078,3926,-0.157,-0.2037,36.0,0.18032786900000000,-0.12195122,2748,-0.2784,0.0618,108,-0.25,-0.069,672,-0.3846,-0.3438,4351,-0.0743,-0.1171,511.43681390000000,-0.0049,0.0881,1713.0,0.0035,0.0439,1524055.657,0.012,0.1758,8277,-0.1154,-0.1604,1.108252674,0.099,0.1087
201711,41940,"san jose-sunnyvale-santa clara, ca",36,1149500.0,0.0342,0.2774,806,-0.1516,-0.4457,33.5,0.13559322,-0.1625,884,-0.2022,0.0425,24,-0.1429,-0.5385,132,-0.25,-0.5976,1321,-0.0877,-0.1681,624.38306,0.0255,0.1572,2000.0,0.0485,0.1264,1933156.4980000000,0.0577,0.3669,2127,-0.113,-0.3008,1.638957816,0.1147,0.5468
201710,41860,"san francisco-oakland-hayward, ca",11,890075.0,0.029000000000000000,0.0789,4657,-0.0486,-0.2091,30.5,0.089285714,-0.12857142900000000,3808,-0.1416,-0.0216,144,-0.027000000000000000,-0.23400000000000000,1092,0.0225,-0.2479,4700,0.0721,-0.1013,513.970687,0.0108,0.0866,1707.0,0.0035,0.0222,1506029.7320000000,0.0494,0.1657,9357,0.0084,-0.1584,1.009233412,0.1136,0.121
201710,41940,"san jose-sunnyvale-santa clara, ca",36,1111500.0,0.0151,0.2161,950,-0.0613,-0.466,29.5,-0.016666667,-0.180555556,1108,-0.0797,-0.0828,28,-0.125,-0.2222,176,-0.1852,-0.6452,1448,-0.0455,-0.1838,608.8512638,0.0174,0.1072,1907.5,0.0024,0.0919,1827682.485,-0.0014,0.3,2398,-0.0518,-0.3251,1.5242105260000000,0.0252,0.527
201709,41860,"san francisco-oakland-hayward, ca",11,865000.0,0.0182,0.08200000000000000,4895,0.0832,-0.2028,28.0,-0.09677419400000000,-0.176470588,4436,0.154,-0.0954,148,-0.2128,-0.11900000000000000,1068,0.0512,-0.2784,4384,-0.0513,-0.1459,508.4793669,0.0322,0.0957,1701.0,-0.0064,0.0272,1435158.399,0.0475,0.1647,9279,0.0152,-0.1769,0.895607763,-0.127,0.0596
201709,41940,"san jose-sunnyvale-santa clara, ca",36,1095000.0,0.0683,0.2167,1012,-0.0964,-0.4715,30.0,0.034482759,-0.104477612,1204,-0.0505,-0.1753,32,-0.2727,-0.4286,216,-0.0847,-0.594,1517,-0.067,-0.1444,598.4677783,0.02,0.0955,1903.0,0.0326,0.0893,1830266.5380000000,0.1165,0.3381,2529,-0.079,-0.3143,1.499011858,0.0472,0.5732
201708,41860,"san francisco-oakland-hayward, ca",11,849500.0,-0.0336,0.0653,4519,-0.0456,-0.2554,31.0,0.0,-0.046153846,3844,-0.0733,-0.1167,188,0.1463,-0.0784,1016,0.0079,-0.3682,4621,-0.0235,-0.1223,492.60588590000000,-0.0127,0.071,1712.0,-0.0035,0.0245,1370116.062,-0.0402,0.1525,9140,-0.0345,-0.1936,1.022571365,0.0232,0.155
201708,41940,"san jose-sunnyvale-santa clara, ca",36,1025000.0,-0.0097,0.105,1120,-0.0476,-0.4271,29.0,-0.033333333,-0.12121212100000000,1268,-0.0649,-0.1478,44,0.0,-0.0833,236,0.0,-0.5959,1626,-0.0281,-0.0987,586.758234,-0.0019,0.07200000000000000,1843.0,-0.0249,0.0442,1639304.381,-0.0104,0.1738,2746,-0.0362,-0.2695,1.4517857140000000,0.0292,0.529
201707,41860,"san francisco-oakland-hayward, ca",11,879000.0,-0.0233,0.0733,4735,-0.0291,-0.2316,31.0,0.087719298,0.0,4148,-0.1329,-0.1528,164,0.3667,-0.0682,1008,-0.0526,-0.2861,4732,-0.0609,-0.106,498.93842890000000,-0.0171,0.0612,1718.0,-0.0236,0.0047,1427490.0570000000,-0.0284,0.1438,9467,-0.0453,-0.1735,0.99936642,-0.0339,0.1404
201707,41940,"san jose-sunnyvale-santa clara, ca",36,1035000.0,0.0355,0.0895,1176,-0.0848,-0.4012,30.0,0.111111111,-0.0625,1356,-0.1172,-0.0912,44,-0.1538,-0.2143,236,-0.2133,-0.5693,1673,-0.0917,-0.0505,587.8623188000000,-0.002,0.0638,1890.0,0.0227,0.0666,1656484.0280000000,0.0072,0.1846,2849,-0.0889,-0.2354,1.422619048,-0.0108,0.5255