Date,Close,daily-change
2017-07-01 23:59:59,2434.550048828130,-0.01865901768052250
2017-07-02 23:59:59,2506.469970703130,0.029541361004107800
2017-07-03 23:59:59,2564.06005859375,0.022976572057023200
2017-07-04 23:59:59,2601.639892578130,0.01465637821486340
2017-07-05 23:59:59,2601.989990234380,0.00013456806887401900
2017-07-06 23:59:59,2608.56005859375,0.0025250167694854700
2017-07-07 23:59:59,2518.659912109380,-0.03446351414766320
2017-07-08 23:59:59,2571.340087890630,0.020915954364450400
2017-07-09 23:59:59,2518.43994140625,-0.02057298711030130
2017-07-10 23:59:59,2372.56005859375,-0.05792470188153200
2017-07-11 23:59:59,2337.7900390625,-0.014655064012102900
2017-07-12 23:59:59,2398.840087890630,0.026114427646636500
2017-07-13 23:59:59,2357.89990234375,-0.01706665890466870
2017-07-14 23:59:59,2233.340087890630,-0.052826591293936100
2017-07-15 23:59:59,1998.8599853515600,-0.10499077315203100
2017-07-16 23:59:59,1929.8199462890600,-0.03453970741745430
2017-07-17 23:59:59,2228.409912109380,0.1547242613977980
2017-07-18 23:59:59,2318.8798828125,0.0405984420601897
2017-07-19 23:59:59,2273.429931640630,-0.019599959234089400
2017-07-20 23:59:59,2817.60009765625,0.2393608698654390
2017-07-21 23:59:59,2667.760009765630,-0.05318004070743240
2017-07-22 23:59:59,2810.1201171875,0.05336316119169270
2017-07-23 23:59:59,2730.39990234375,-0.02836897054903750
2017-07-24 23:59:59,2754.860107421880,0.008958469804049020
2017-07-25 23:59:59,2576.47998046875,-0.06475106538896500
2017-07-26 23:59:59,2529.449951171880,-0.018253597797534100
2017-07-27 23:59:59,2671.780029296880,0.05626918139220720
2017-07-28 23:59:59,2809.010009765630,0.05136275403063940
2017-07-29 23:59:59,2726.449951171880,-0.029391158560036000
2017-07-30 23:59:59,2757.179931640630,0.01127105981004410
2017-07-31 23:59:59,2875.340087890630,0.042855438955589100
2017-08-01 23:59:59,2718.260009765630,-0.05463008664141540
2017-08-02 23:59:59,2710.669921875,-0.0027922597041331000
2017-08-03 23:59:59,2804.72998046875,0.03469993075685430
2017-08-04 23:59:59,2895.889892578130,0.03250220618176570
2017-08-05 23:59:59,3252.909912109380,0.12328508084725700
2017-08-06 23:59:59,3213.93994140625,-0.011980033802367000
2017-08-07 23:59:59,3378.93994140625,0.05133885604838180
2017-08-08 23:59:59,3419.93994140625,0.012133983057105400
2017-08-09 23:59:59,3342.469970703130,-0.022652436016543000
2017-08-10 23:59:59,3381.280029296880,0.011611191404536700
2017-08-11 23:59:59,3650.6201171875,0.07965625016471450
2017-08-12 23:59:59,3884.7099609375,0.06412330952976460
2017-08-13 23:59:59,4073.260009765630,0.04853645464502640
2017-08-14 23:59:59,4325.1298828125,0.06183496080363590
2017-08-15 23:59:59,4181.93017578125,-0.033108764571511900
2017-08-16 23:59:59,4376.6298828125,0.04655737873358380
2017-08-17 23:59:59,4331.68994140625,-0.010268161258673900
2017-08-18 23:59:59,4160.6201171875,-0.03949262909690480
2017-08-19 23:59:59,4193.7001953125,0.007950756664456330
2017-08-20 23:59:59,4087.659912109380,-0.025285613721660700
2017-08-21 23:59:59,4001.739990234380,-0.02101934204958410
2017-08-22 23:59:59,4100.52001953125,0.024684269727151900
2017-08-23 23:59:59,4151.52001953125,0.01243744689870590
2017-08-24 23:59:59,4334.68017578125,0.044118818020461000
2017-08-25 23:59:59,4371.60009765625,0.008517334700095970
2017-08-26 23:59:59,4352.39990234375,-0.0043920292075192400
2017-08-27 23:59:59,4382.8798828125,0.007003028479147130
2017-08-28 23:59:59,4382.66015625,-5.01329190794042E-05
2017-08-29 23:59:59,4579.02001953125,0.0448038077972408
2017-08-30 23:59:59,4565.2998046875,-0.002996321218345480
2017-08-31 23:59:59,4703.39013671875,0.030247812397657500
2017-09-01 23:59:59,4892.009765625,0.040102909480912900
2017-09-02 23:59:59,4578.77001953125,-0.06403089141293460
2017-09-03 23:59:59,4582.9599609375,0.0009150801172317370
2017-09-04 23:59:59,4236.31005859375,-0.07563886774014910
2017-09-05 23:59:59,4376.52978515625,0.03309949569863300
2017-09-06 23:59:59,4597.1201171875,0.050403023139342000
2017-09-07 23:59:59,4599.8798828125,0.0006003248892021420
2017-09-08 23:59:59,4228.75,-0.0806825161237863
2017-09-09 23:59:59,4226.06005859375,-0.0006361079293526470
2017-09-10 23:59:59,4122.93994140625,-0.024401006080783000
2017-09-11 23:59:59,4161.27001953125,0.009296783040678050
2017-09-12 23:59:59,4130.81005859375,-0.007319871287980280
2017-09-13 23:59:59,3882.590087890630,-0.06008990178251540
2017-09-14 23:59:59,3154.949951171880,-0.1874110117851950
2017-09-15 23:59:59,3637.52001953125,0.15295648927176500
2017-09-16 23:59:59,3625.0400390625,-0.0034309035831391300
2017-09-17 23:59:59,3582.8798828125,-0.011630259471810800
2017-09-18 23:59:59,4065.199951171880,0.13461798445242900
2017-09-19 23:59:59,3924.969970703130,-0.03449522339690230
2017-09-20 23:59:59,3905.949951171880,-0.004845901923637540
2017-09-21 23:59:59,3631.0400390625,-0.07038234374377880
2017-09-22 23:59:59,3630.699951171880,-9.36612890428679E-05
2017-09-23 23:59:59,3792.39990234375,0.04453685331933950
2017-09-24 23:59:59,3682.840087890630,-0.028889309480631400
2017-09-25 23:59:59,3926.070068359380,0.06604413296914610
2017-09-26 23:59:59,3892.35009765625,-0.00858873380148717
2017-09-27 23:59:59,4200.669921875,0.0792117400755914
2017-09-28 23:59:59,4174.72998046875,-0.006175191550082950
2017-09-29 23:59:59,4163.06982421875,-0.0027930324367208000
2017-09-30 23:59:59,4338.7099609375,0.042190053046182300
2017-10-01 23:59:59,4403.740234375,0.014988389180882000
2017-10-02 23:59:59,4409.31982421875,0.0012670115735247100
2017-10-03 23:59:59,4317.47998046875,-0.02082857388696500
2017-10-04 23:59:59,4229.35986328125,-0.02041008124788870
2017-10-05 23:59:59,4328.41015625,0.023419689071315900
2017-10-06 23:59:59,4370.81005859375,0.00979572194250733
2017-10-07 23:59:59,4426.89013671875,0.012830591440306800
2017-10-08 23:59:59,4610.47998046875,0.04147151568710000
2017-10-09 23:59:59,4772.02001953125,0.03503757520840070
2017-10-10 23:59:59,4781.990234375,0.0020893070026830600
2017-10-11 23:59:59,4826.47998046875,0.009303604548152050
2017-10-12 23:59:59,5446.91015625,0.12854713544693800
2017-10-13 23:59:59,5647.2099609375,0.03677310602556360
2017-10-14 23:59:59,5831.7900390625,0.0326851807178703
2017-10-15 23:59:59,5678.18994140625,-0.02633841352782010
2017-10-16 23:59:59,5725.58984375,0.008347713414463830
2017-10-17 23:59:59,5605.509765625,-0.02097252534707460
2017-10-18 23:59:59,5590.68994140625,-0.002643795986161820
2017-10-19 23:59:59,5708.52001953125,0.021076124657230000
2017-10-20 23:59:59,6011.4501953125,0.05306632450176200
2017-10-21 23:59:59,6031.60009765625,0.003351920366813090
2017-10-22 23:59:59,6008.419921875,-0.0038431221244686900
2017-10-23 23:59:59,5930.31982421875,-0.012998441965067900
2017-10-24 23:59:59,5526.64013671875,-0.06807047502757240
2017-10-25 23:59:59,5750.7998046875,0.040559845118093300
2017-10-26 23:59:59,5904.830078125,0.026784148060927000
2017-10-27 23:59:59,5780.89990234375,-0.02098793261475230
2017-10-28 23:59:59,5753.08984375,-0.004810679835932640
2017-10-29 23:59:59,6153.85009765625,0.06966000267519280
2017-10-30 23:59:59,6130.52978515625,-0.0037895483526454400
2017-10-31 23:59:59,6468.39990234375,0.0551127111404921
2017-11-01 23:59:59,6767.31005859375,0.04621083432731070
2017-11-02 23:59:59,7078.5,0.04598428898807040
2017-11-03 23:59:59,7207.759765625,0.01826089787737510
2017-11-04 23:59:59,7379.9501953125,0.023889590564422500
2017-11-05 23:59:59,7407.41015625,0.0037208870264384700
2017-11-06 23:59:59,7022.759765625,-0.05192778346429920
2017-11-07 23:59:59,7144.3798828125,0.01731799481206900
2017-11-08 23:59:59,7459.68994140625,0.04413399955849260
2017-11-09 23:59:59,7143.580078125,-0.0423757375660655
2017-11-10 23:59:59,6618.14013671875,-0.07355414731266850
2017-11-11 23:59:59,6357.60009765625,-0.03936756153242690
2017-11-12 23:59:59,5950.06982421875,-0.06410127519466620
2017-11-13 23:59:59,6559.490234375,0.1024223964020910
2017-11-14 23:59:59,6635.75,0.011625867697060000
2017-11-15 23:59:59,7315.5400390625,0.10244358799871900
2017-11-16 23:59:59,7871.68994140625,0.07602308228430130
2017-11-17 23:59:59,7708.990234375,-0.020668967939835300
2017-11-18 23:59:59,7790.14990234375,0.01052792460507380
2017-11-19 23:59:59,8036.490234375,0.03162202719066240
2017-11-20 23:59:59,8200.6396484375,0.020425510300550400
2017-11-21 23:59:59,8071.259765625,-0.015776803805438700
2017-11-22 23:59:59,8253.5498046875,0.02258507895370450
2017-11-23 23:59:59,8038.77001953125,-0.026022716314653900
2017-11-24 23:59:59,8253.6904296875,0.026735484363164200
2017-11-25 23:59:59,8790.919921875,0.06508961012823460
2017-11-26 23:59:59,9330.5498046875,0.06138491620992980
2017-11-27 23:59:59,9818.349609375,0.052279856482030400
2017-11-28 23:59:59,10058.7998046875,0.024489879142509700
2017-11-29 23:59:59,9888.6103515625,-0.016919459222728500
2017-11-30 23:59:59,10233.599609375,0.034887536827456200
2017-12-01 23:59:59,10975.599609375,0.07250625667631680
2017-12-02 23:59:59,11074.599609375,0.009020008338809890
2017-12-03 23:59:59,11323.2001953125,0.022447817050383700
2017-12-04 23:59:59,11657.2001953125,0.02949696148075410
2017-12-05 23:59:59,11916.7001953125,0.02226091991663220
2017-12-06 23:59:59,14291.5,0.19928333899191700
2017-12-07 23:59:59,17899.69921875,0.2524716942763180
2017-12-08 23:59:59,16569.400390625,-0.07431961911021990
2017-12-09 23:59:59,15178.2001953125,-0.08396201205323310
2017-12-10 23:59:59,15455.400390625,0.01826304777546080
2017-12-11 23:59:59,16936.80078125,0.09585001702858450
2017-12-12 23:59:59,17415.400390625,0.028257970059188300
2017-12-13 23:59:59,16408.19921875,-0.05783393716386750
2017-12-14 23:59:59,16564.0,0.009495300439305020
2017-12-15 23:59:59,17706.900390625,0.06899905763251640
2017-12-16 23:59:59,19497.400390625,0.10111877067699500
2017-12-17 23:59:59,19140.80078125,-0.01828959770177700
2017-12-18 23:59:59,19114.19921875,-0.0013897831550526700
2017-12-19 23:59:59,17776.69921875,-0.0699741582000456
2017-12-20 23:59:59,16624.599609375,-0.06480953495347550
2017-12-21 23:59:59,15802.900390625,-0.04942670729264510
2017-12-22 23:59:59,13831.7998046875,-0.12473030502089600
2017-12-23 23:59:59,14699.2001953125,0.06271059463505570
2017-12-24 23:59:59,13925.7998046875,-0.05261513418067700
2017-12-25 23:59:59,14026.599609375,0.007238349401918810
2017-12-26 23:59:59,16099.7998046875,0.14780490304484300
2017-12-27 23:59:59,15838.5,-0.016230003345223100
2017-12-28 23:59:59,14606.5,-0.07778514379518260
2017-12-29 23:59:59,14656.2001953125,0.0034026081068359000
2017-12-30 23:59:59,12952.2001953125,-0.11626478741365700
2017-12-31 23:59:59,14156.400390625,0.09297263608914190
2018-01-01 23:59:59,13657.2001953125,-0.03526321533283930
2018-01-02 23:59:59,14982.099609375,0.0970110560814097
2018-01-03 23:59:59,15201.0,0.014610795304552900
2018-01-04 23:59:59,15599.2001953125,0.026195657872015100
2018-01-05 23:59:59,17429.5,0.11733292616101500
2018-01-06 23:59:59,17527.0,0.005593964256002780
2018-01-07 23:59:59,16477.599609375,-0.05987336056512800
2018-01-08 23:59:59,15170.099609375,-0.07935014996092590
2018-01-09 23:59:59,14595.400390625,-0.03788368129071750
2018-01-10 23:59:59,14973.2998046875,0.025891678470515700
2018-01-11 23:59:59,13405.7998046875,-0.10468634305373900
2018-01-12 23:59:59,13980.599609375,0.042876949757709700
2018-01-13 23:59:59,14360.2001953125,0.02715195317395040
2018-01-14 23:59:59,13772.0,-0.04096044534981500
2018-01-15 23:59:59,13819.7998046875,0.0034707961579654200
2018-01-16 23:59:59,11490.5,-0.16854801354629100
2018-01-17 23:59:59,11188.599609375,-0.02627391241677910
2018-01-18 23:59:59,11474.900390625,0.02558861620270210
2018-01-19 23:59:59,11607.400390625,0.01154694119247020
2018-01-20 23:59:59,12899.2001953125,0.11129105236439100
2018-01-21 23:59:59,11600.099609375,-0.10071171594108500
2018-01-22 23:59:59,10931.400390625,-0.05764598936801970
2018-01-23 23:59:59,10868.400390625,-0.005763214020962030
2018-01-24 23:59:59,11359.400390625,0.04517684133384830
2018-01-25 23:59:59,11259.400390625,-0.008803281560753050
2018-01-26 23:59:59,11171.400390625,-0.007815691506385390
2018-01-27 23:59:59,11440.7001953125,0.024106181433931600
2018-01-28 23:59:59,11786.2998046875,0.03020790716258780
2018-01-29 23:59:59,11296.400390625,-0.041565158037780700
2018-01-30 23:59:59,10106.2998046875,-0.10535219581320600
2018-01-31 23:59:59,10221.099609375,0.011359232053877300
2018-02-01 23:59:59,9170.5400390625,-0.1027834196380310
2018-02-02 23:59:59,8830.75,-0.037052347802326000
2018-02-03 23:59:59,9174.91015625,0.03897292486481900
2018-02-04 23:59:59,8277.009765625,-0.09786476110758920
2018-02-05 23:59:59,6955.27001953125,-0.15968807377551100
2018-02-06 23:59:59,7754.0,0.11483809805022900
2018-02-07 23:59:59,7621.2998046875,-0.01711377293171270
2018-02-08 23:59:59,8265.58984375,0.08453807822469180
2018-02-09 23:59:59,8736.98046875,0.057030488314931300
2018-02-10 23:59:59,8621.900390625,-0.013171607575021200
2018-02-11 23:59:59,8129.97021484375,-0.05705588715872300
2018-02-12 23:59:59,8926.5703125,0.09798315081177210
2018-02-13 23:59:59,8598.3095703125,-0.03677344497335470
2018-02-14 23:59:59,9494.6298828125,0.10424378247495700
2018-02-15 23:59:59,10166.400390625,0.07075267978887330
2018-02-16 23:59:59,10233.900390625,0.006639518158486620
2018-02-17 23:59:59,11112.7001953125,0.0858714440383399
2018-02-18 23:59:59,10551.7998046875,-0.050473816513253600
2018-02-19 23:59:59,11225.2998046875,0.06382797366007710
2018-02-20 23:59:59,11403.7001953125,0.01589270609507490
2018-02-21 23:59:59,10690.400390625,-0.06254985596523330
2018-02-22 23:59:59,10005.0,-0.06411363144322120
2018-02-23 23:59:59,10301.099609375,0.02959516335582200
2018-02-24 23:59:59,9813.0703125,-0.04737642731178390
2018-02-25 23:59:59,9664.73046875,-0.015116557715992600
2018-02-26 23:59:59,10366.7001953125,0.07263210586495440
2018-02-27 23:59:59,10725.599609375,0.03462041028492210
2018-02-28 23:59:59,10397.900390625,-0.030552997565149300
2018-03-01 23:59:59,10951.0,0.05319339372337970
2018-03-02 23:59:59,11086.400390625,0.012364203326180200
2018-03-03 23:59:59,11489.7001953125,0.036377885560451300
2018-03-04 23:59:59,11512.599609375,0.0019930384320943100
2018-03-05 23:59:59,11573.2998046875,0.005272501204946820
2018-03-06 23:59:59,10779.900390625,-0.06855429544313300
2018-03-07 23:59:59,9965.5703125,-0.0755415215926486
2018-03-08 23:59:59,9395.009765625,-0.0572531755818666
2018-03-09 23:59:59,9337.5498046875,-0.006116008644050380
2018-03-10 23:59:59,8866.0,-0.050500379066334900
2018-03-11 23:59:59,9578.6298828125,0.08037783474086390
2018-03-12 23:59:59,9205.1201171875,-0.03899407015352060
2018-03-13 23:59:59,9194.849609375,-0.001115738597840090
2018-03-14 23:59:59,8269.8095703125,-0.10060415105858100
2018-03-15 23:59:59,8300.8603515625,0.0037547153880626000
2018-03-16 23:59:59,8338.349609375,0.0045163099033998000
2018-03-17 23:59:59,7916.8798828125,-0.05054594090041900
2018-03-18 23:59:59,8223.6796875,0.038752615832098300
2018-03-19 23:59:59,8630.650390625,0.04948766471821560
2018-03-20 23:59:59,8913.4697265625,0.03276917997335540
2018-03-21 23:59:59,8929.2802734375,0.0017737814072429400
2018-03-22 23:59:59,8728.4697265625,-0.022488995834565100
2018-03-23 23:59:59,8879.6201171875,0.017316940467241300
2018-03-24 23:59:59,8668.1201171875,-0.023818586517076100
2018-03-25 23:59:59,8495.7802734375,-0.019882032253830700
2018-03-26 23:59:59,8209.400390625,-0.033708485106174600
2018-03-27 23:59:59,7833.0400390625,-0.04584504758621560
2018-03-28 23:59:59,7954.47998046875,0.015503551724572100
2018-03-29 23:59:59,7165.7001953125,-0.09916170347942320
2018-03-30 23:59:59,6890.52001953125,-0.03840241264367460
2018-03-31 23:59:59,6973.52978515625,0.012046952245941900
2018-04-01 23:59:59,6844.22998046875,-0.01854151465198100
2018-04-02 23:59:59,7083.7998046875,0.03500318149775870
2018-04-03 23:59:59,7456.10986328125,0.052557958843978600
2018-04-04 23:59:59,6853.83984375,-0.08077536819799570
2018-04-05 23:59:59,6811.47021484375,-0.006181881962836760
2018-04-06 23:59:59,6636.31982421875,-0.025714036045156200
2018-04-07 23:59:59,6911.08984375,0.041403974915208000
2018-04-08 23:59:59,7023.52001953125,0.016268081926749300
2018-04-09 23:59:59,6770.72998046875,-0.03599192973886780
2018-04-10 23:59:59,6834.759765625,0.009456851084145070
2018-04-11 23:59:59,6968.31982421875,0.019541295257440100
2018-04-12 23:59:59,7889.25,0.13215957347142800
2018-04-13 23:59:59,7895.9599609375,0.0008505194964667510
2018-04-14 23:59:59,7986.240234375,0.011433729892771800
2018-04-15 23:59:59,8329.1103515625,0.04293260747550410
2018-04-16 23:59:59,8058.669921875,-0.03246930563679800
2018-04-17 23:59:59,7902.08984375,-0.01943001508226170
2018-04-18 23:59:59,8163.419921875,0.03307100821331390
2018-04-19 23:59:59,8294.3095703125,0.016033678248838200
2018-04-20 23:59:59,8845.830078125,0.06649384172813310
2018-04-21 23:59:59,8895.580078125,0.0056241188854653200
2018-04-22 23:59:59,8802.4599609375,-0.010468133204319200
2018-04-23 23:59:59,8930.8798828125,0.014589094689994300
2018-04-24 23:59:59,9697.5,0.08583925965266450
2018-04-25 23:59:59,8845.740234375,-0.0878329224671307
2018-04-26 23:59:59,9281.509765625,0.049263206888732400
2018-04-27 23:59:59,8987.0498046875,-0.031725437819185600
2018-04-28 23:59:59,9348.48046875,0.040216831097785100
2018-04-29 23:59:59,9419.080078125,0.0075519876851644100
2018-04-30 23:59:59,9240.5498046875,-0.01895410931393620
2018-05-01 23:59:59,9119.009765625,-0.013152901248456700
2018-05-02 23:59:59,9235.919921875,0.012820488107240000
2018-05-03 23:59:59,9743.8603515625,0.05499619247287520
2018-05-04 23:59:59,9700.759765625,-0.004423358338729530
2018-05-05 23:59:59,9858.150390625,0.016224566817716600
2018-05-06 23:59:59,9654.7998046875,-0.020627661161558700
2018-05-07 23:59:59,9373.009765625,-0.02918652325920710
2018-05-08 23:59:59,9234.8203125,-0.014743338221176600
2018-05-09 23:59:59,9325.1796875,0.009784638135047710
2018-05-10 23:59:59,9043.9404296875,-0.030159124782280600
2018-05-11 23:59:59,8441.490234375,-0.06661368459868510
2018-05-12 23:59:59,8504.8896484375,0.007510452811321010
2018-05-13 23:59:59,8723.9404296875,0.025755864015266000
2018-05-14 23:59:59,8716.7900390625,-0.0008196285477451990
2018-05-15 23:59:59,8510.3798828125,-0.023679606291423300
2018-05-16 23:59:59,8368.830078125,-0.016632607079429300
2018-05-17 23:59:59,8094.31982421875,-0.03280150885412080
2018-05-18 23:59:59,8250.9697265625,0.019353065575076900
2018-05-19 23:59:59,8247.1796875,-0.0004593446816679730
2018-05-20 23:59:59,8513.25,0.03226197592169290
2018-05-21 23:59:59,8418.990234375,-0.011072124702669400
2018-05-22 23:59:59,8041.77978515625,-0.04480471395234410
2018-05-23 23:59:59,7557.81982421875,-0.060180703011888900
2018-05-24 23:59:59,7587.33984375,0.0039058908809461700
2018-05-25 23:59:59,7480.14013671875,-0.014128760440268800
2018-05-26 23:59:59,7355.8798828125,-0.016612022186092100
2018-05-27 23:59:59,7368.22021484375,0.0016776146739541100
2018-05-28 23:59:59,7135.990234375,-0.03151778498705940
2018-05-29 23:59:59,7472.58984375,0.047169292322396300
2018-05-30 23:59:59,7406.52001953125,-0.008841623265862800
2018-05-31 23:59:59,7494.169921875,0.011834154516914100
2018-06-01 23:59:59,7541.4501953125,0.006308940673935390
2018-06-02 23:59:59,7643.4501953125,0.013525250098900000
2018-06-03 23:59:59,7720.25,0.010047792910929100
2018-06-04 23:59:59,7514.47021484375,-0.026654549419546000
2018-06-05 23:59:59,7633.759765625,0.015874645500039400
2018-06-06 23:59:59,7653.97998046875,0.002648788469189480
2018-06-07 23:59:59,7678.240234375,0.0031696259943396800
2018-06-08 23:59:59,7624.919921875,-0.006944340222814090
2018-06-09 23:59:59,7531.97998046875,-0.012188972783781800
2018-06-10 23:59:59,6786.02001953125,-0.09903902597615180
2018-06-11 23:59:59,6906.919921875,0.017816025003725400
2018-06-12 23:59:59,6582.35986328125,-0.04699056341537010
2018-06-13 23:59:59,6349.89990234375,-0.03531559589050190
2018-06-14 23:59:59,6675.35009765625,0.05125280718084650
2018-06-15 23:59:59,6456.580078125,-0.03277281585696320
2018-06-16 23:59:59,6550.16015625,0.014493753193281200
2018-06-17 23:59:59,6499.27001953125,-0.007769296552266990
2018-06-18 23:59:59,6734.81982421875,0.036242501693211500
2018-06-19 23:59:59,6769.93994140625,0.005214707758210090
2018-06-20 23:59:59,6776.5498046875,0.0009763547887364780
2018-06-21 23:59:59,6729.740234375,-0.006907581536569010
2018-06-22 23:59:59,6083.68994140625,-0.09599929127557920
2018-06-23 23:59:59,6162.47998046875,0.012951028047344600
2018-06-24 23:59:59,6173.22998046875,0.0017444275736506800
2018-06-25 23:59:59,6249.18017578125,0.012303153382069900
2018-06-26 23:59:59,6093.669921875,-0.02488490482462500
2018-06-27 23:59:59,6157.1298828125,0.010414079159373600
2018-06-28 23:59:59,5903.43994140625,-0.041202629509963800
2018-06-29 23:59:59,6218.2998046875,0.053334982045442500
2018-06-30 23:59:59,6404.0,0.029863499854496400
2018-07-01 23:59:59,6385.81982421875,-0.00283887816696593
2018-07-02 23:59:59,6614.18017578125,0.03576053785551930
2018-07-03 23:59:59,6529.58984375,-0.012789239147277700
2018-07-04 23:59:59,6597.5498046875,0.010407998444580600
2018-07-05 23:59:59,6639.14013671875,0.006303905732049310
2018-07-06 23:59:59,6673.5,0.005175348399594440
2018-07-07 23:59:59,6856.93017578125,0.02748635285551070
2018-07-08 23:59:59,6773.8798828125,-0.012111876720297500
2018-07-09 23:59:59,6741.75,-0.004743202325453670
2018-07-10 23:59:59,6329.9501953125,-0.06108203429191240
2018-07-11 23:59:59,6394.7099609375,0.010230691178732700
2018-07-12 23:59:59,6228.81005859375,-0.025943303661489000
2018-07-13 23:59:59,6238.0498046875,0.0014833886419449700
2018-07-14 23:59:59,6276.1201171875,0.006102918971790270
2018-07-15 23:59:59,6359.64013671875,0.013307587804530100
2018-07-16 23:59:59,6741.75,0.06008356684760450
2018-07-17 23:59:59,7321.0400390625,0.08592576690955610
2018-07-18 23:59:59,7370.77978515625,0.006794081964906160
2018-07-19 23:59:59,7466.85986328125,0.013035266406750100
2018-07-20 23:59:59,7354.1298828125,-0.015097374603627800
2018-07-21 23:59:59,7419.2900390625,0.008860348850009640
2018-07-22 23:59:59,7418.490234375,-0.00010780070374505300
2018-07-23 23:59:59,7711.10986328125,0.03944463356578140
2018-07-24 23:59:59,8424.26953125,0.09248469813206440
2018-07-25 23:59:59,8181.39013671875,-0.028830914494162900
2018-07-26 23:59:59,7951.580078125,-0.02808936559110450
2018-07-27 23:59:59,8165.009765625,0.026841166837664200
2018-07-28 23:59:59,8192.150390625,0.0033240162325662800
2018-07-29 23:59:59,8218.4599609375,0.0032115585112559900
2018-07-30 23:59:59,8180.48,-0.0046212990168498200
2018-07-31 23:59:59,7780.44,-0.04890177593490840
2018-08-01 23:59:59,7624.91,-0.01998987203808520
2018-08-02 23:59:59,7567.15,-0.007575171379072040
2018-08-03 23:59:59,7434.39,-0.017544253781146100
2018-08-04 23:59:59,7032.85,-0.054011156261643500
2018-08-05 23:59:59,7068.48,0.005066224930149190
2018-08-06 23:59:59,6951.8,-0.01650708497442160
2018-08-07 23:59:59,6753.12,-0.02857964843637630
2018-08-08 23:59:59,6305.8,-0.06623901248608040
2018-08-09 23:59:59,6568.23,0.04161724126994180
2018-08-10 23:59:59,6184.71,-0.05839015990609330
2018-08-11 23:59:59,6295.73,0.017950720405645500
2018-08-12 23:59:59,6322.69,0.00428226750511862
2018-08-13 23:59:59,6297.57,-0.003972992507935700
2018-08-14 23:59:59,6199.71,-0.015539327073776000
2018-08-15 23:59:59,6308.52,0.01755082092549490
2018-08-16 23:59:59,6334.73,0.00415469872489882
2018-08-17 23:59:59,6580.63,0.03881775545287660
2018-08-18 23:59:59,6423.76,-0.02383814315650620
2018-08-19 23:59:59,6506.07,0.012813367871775900
2018-08-20 23:59:59,6308.53,-0.030362415405920900
2018-08-21 23:59:59,6488.76,0.028569254644109000
2018-08-22 23:59:59,6376.71,-0.017268322452980300
2018-08-23 23:59:59,6534.88,0.024804326996209700
2018-08-24 23:59:59,6719.96,0.028321866660137700
2018-08-25 23:59:59,6763.19,0.006433074006392930
2018-08-26 23:59:59,6707.26,-0.008269766190214910
2018-08-27 23:59:59,6884.64,0.02644597048571250
2018-08-28 23:59:59,7096.28,0.030740895675009700
2018-08-29 23:59:59,7047.16,-0.0069219365639461300
2018-08-30 23:59:59,6978.23,-0.009781245210836790
2018-08-31 23:59:59,7037.58,0.0085050220471381
2018-09-01 23:59:59,7193.25,0.022119819597077300
2018-09-02 23:59:59,7272.72,0.011047857366280900
2018-09-03 23:59:59,7260.06,-0.0017407517407517200
2018-09-04 23:59:59,7361.66,0.01399437470213740
2018-09-05 23:59:59,6792.83,-0.07726925720557590
2018-09-06 23:59:59,6529.17,-0.03881445583063310
2018-09-07 23:59:59,6467.07,-0.009511162980899600
2018-09-08 23:59:59,6225.98,-0.03727963358986380
2018-09-09 23:59:59,6300.86,0.01202702225191850
2018-09-10 23:59:59,6329.7,0.004577152960072220
2018-09-11 23:59:59,6321.2,-0.0013428756497148000
2018-09-12 23:59:59,6351.8,0.004840853002594510
2018-09-13 23:59:59,6517.31,0.02605718064170780
2018-09-14 23:59:59,6512.71,-0.000705812674247519
2018-09-15 23:59:59,6543.2,0.0046816148730712800
2018-09-16 23:59:59,6517.18,-0.003976647511920730
2018-09-17 23:59:59,6281.2,-0.036208912443725700
2018-09-18 23:59:59,6371.3,0.014344392791186400
2018-09-19 23:59:59,6398.54,0.004275422598213790
2018-09-20 23:59:59,6519.67,0.018930881107252600
2018-09-21 23:59:59,6734.95,0.033020076169499400
2018-09-22 23:59:59,6721.98,-0.001925775247032300
2018-09-23 23:59:59,6710.63,-0.0016884905935452600
2018-09-24 23:59:59,6595.41,-0.017169773925846100
2018-09-25 23:59:59,6446.47,-0.022582371679698300
2018-09-26 23:59:59,6495.0,0.007528151065621990
2018-09-27 23:59:59,6676.75,0.027983063895304000
2018-09-28 23:59:59,6644.13,-0.004885610514097420
2018-09-29 23:59:59,6601.96,-0.006346955884367070
2018-09-30 23:59:59,6625.56,0.0035746959993698800
2018-10-01 23:59:59,6589.62,-0.005424447141071930
2018-10-02 23:59:59,6556.1,-0.005086788009020180
2018-10-03 23:59:59,6502.59,-0.008161864523115960
2018-10-04 23:59:59,6576.69,0.01139545934773680
2018-10-05 23:59:59,6622.48,0.006962468962350420
2018-10-06 23:59:59,6588.31,-0.005159698481535520
2018-10-07 23:59:59,6602.95,0.0022221176599157600
2018-10-08 23:59:59,6652.23,0.00746333078396777
2018-10-09 23:59:59,6642.64,-0.0014416218320773
2018-10-10 23:59:59,6585.53,-0.008597485337155210
2018-10-11 23:59:59,6256.24,-0.050002049948903100
2018-10-12 23:59:59,6274.58,0.002931473217139940
2018-10-13 23:59:59,6285.99,0.0018184484061083400
2018-10-14 23:59:59,6290.93,0.0007858746195905650
2018-10-15 23:59:59,6596.54,0.048579462813924200
2018-10-16 23:59:59,6596.11,-6.51856882547541E-05
2018-10-17 23:59:59,6544.43,-0.007834920885188340
2018-10-18 23:59:59,6476.71,-0.010347730818421200
2018-10-19 23:59:59,6465.41,-0.0017447129792750300
2018-10-20 23:59:59,6489.19,0.003678034339662960
2018-10-21 23:59:59,6482.35,-0.0010540606762938800
2018-10-22 23:59:59,6487.16,0.0007420148557235610
2018-10-23 23:59:59,6475.74,-0.0017604005450767600
2018-10-24 23:59:59,6495.84,0.0031038923736901300
2018-10-25 23:59:59,6476.29,-0.0030096184635090000
2018-10-26 23:59:59,6474.75,-0.00023779046336713800
2018-10-27 23:59:59,6480.38,0.0008695316421483140
2018-10-28 23:59:59,6486.39,0.000927414750369504
2018-10-29 23:59:59,6332.63,-0.02370501927882850
2018-10-30 23:59:59,6334.27,0.00025897612840175600
2018-10-31 23:59:59,6317.61,-0.002630137332320980
2018-11-01 23:59:59,6377.78,0.009524171324282400
2018-11-02 23:59:59,6388.44,0.001671427989049510
2018-11-03 23:59:59,6361.26,-0.004254559798636200
2018-11-04 23:59:59,6376.13,0.0023375872075657200
2018-11-05 23:59:59,6419.66,0.006827025170440320
2018-11-06 23:59:59,6461.01,0.006441151088998570
2018-11-07 23:59:59,6530.14,0.01069956554780130
2018-11-08 23:59:59,6453.72,-0.01170265874851070
2018-11-09 23:59:59,6385.62,-0.010552053699261900
2018-11-10 23:59:59,6409.22,0.003695804009634210
2018-11-11 23:59:59,6411.27,0.0003198517136251410
2018-11-12 23:59:59,6371.27,-0.0062390134871873600
2018-11-13 23:59:59,6359.49,-0.0018489249396118600
2018-11-14 23:59:59,5738.35,-0.09767135414946790
2018-11-15 23:59:59,5648.03,-0.015739716120487700
2018-11-16 23:59:59,5575.55,-0.012832793026949200
2018-11-17 23:59:59,5554.33,-0.0038059025566984400
2018-11-18 23:59:59,5623.54,0.012460548797064600
2018-11-19 23:59:59,4871.49,-0.1337324887882010
2018-11-20 23:59:59,4451.87,-0.08613791673594730
2018-11-21 23:59:59,4602.17,0.03376109365277970
2018-11-22 23:59:59,4365.94,-0.05133013339359480
2018-11-23 23:59:59,4347.11,-0.004312931464930840
2018-11-24 23:59:59,3880.76,-0.10727816871438700
2018-11-25 23:59:59,4009.97,0.03329502468588610
2018-11-26 23:59:59,3779.13,-0.057566515460215300
2018-11-27 23:59:59,3820.72,0.011005178440540500
2018-11-28 23:59:59,4257.42,0.11429782868150500
2018-11-29 23:59:59,4278.84645524,0.00503273232145296
2018-11-30 23:59:59,4017.26845712,-0.06113283120960410
2018-12-01 23:59:59,4214.67193177,0.049138731144574600
2018-12-02 23:59:59,4139.8780641,-0.01774607107761030
2018-12-03 23:59:59,3894.1309069,-0.059360965080362900
2018-12-04 23:59:59,3956.89386975,0.016117322285902100
2018-12-05 23:59:59,3753.99482663,-0.051277352842627400
2018-12-06 23:59:59,3521.10172384,-0.06203873834292700
2018-12-07 23:59:59,3419.93720035,-0.02873092896040320
2018-12-08 23:59:59,3476.11471452,0.01642647536459170
2018-12-09 23:59:59,3614.23427278,0.0397338895874364
2018-12-10 23:59:59,3502.65599577,-0.030871899436717000
2018-12-11 23:59:59,3424.58807495,-0.02228820669636960
2018-12-12 23:59:59,3486.95014412,0.018210093536843900
2018-12-13 23:59:59,3313.67725772,-0.0496918164121698
2018-12-14 23:59:59,3242.48476281,-0.021484438396690600
2018-12-15 23:59:59,3236.76164502,-0.001765040766156250
2018-12-16 23:59:59,3252.83902595,0.004967119205313340
2018-12-17 23:59:59,3545.86476058,0.09008307275347610
2018-12-18 23:59:59,3696.05912776,0.04235761297208420
2018-12-19 23:59:59,3745.95076478,0.013498603592480000
2018-12-20 23:59:59,4134.44120304,0.10370943524208800
2018-12-21 23:59:59,3896.54371704,-0.05754042065589830
2018-12-22 23:59:59,4014.18251388,0.030190549723734000
2018-12-23 23:59:59,3998.98034184,-0.0037871153061512800
2018-12-24 23:59:59,4078.59919478,0.01990978852958450
2018-12-25 23:59:59,3815.49060966,-0.06450954667395120
2018-12-26 23:59:59,3857.29751969,0.010957151859882600
2018-12-27 23:59:59,3654.83353854,-0.0524885571093493
2018-12-28 23:59:59,3923.91859424,0.07362443538468
2018-12-29 23:59:59,3820.40868219,-0.02637922004853620
2018-12-30 23:59:59,3865.95257679,0.011921210108310400
2018-12-31 23:59:59,3742.70033544,-0.03188146747840860
2019-01-01 23:59:59,3843.51996727,0.02693767141208950
2019-01-02 23:59:59,3943.40933686,0.025989033604774100
2019-01-03 23:59:59,3836.74131867,-0.02704969458609040
2019-01-04 23:59:59,3857.71761887,0.005467217739681060
2019-01-05 23:59:59,3845.19446017,-0.0032462611153141200
2019-01-06 23:59:59,4076.63268458,0.060188951900177000
2019-01-07 23:59:59,4025.24828708,-0.012604617947151200
2019-01-08 23:59:59,4030.84799935,0.0013911470474936600
2019-01-09 23:59:59,4035.29636921,0.0011035816435442900
2019-01-10 23:59:59,3678.92468128,-0.08831363432167630
2019-01-11 23:59:59,3687.3654818000000,0.0022943662214534000
2019-01-12 23:59:59,3661.30098975,-0.007068594686002410
2019-01-13 23:59:59,3552.95306759,-0.02959273833627050
2019-01-14 23:59:59,3706.05222041,0.043090676940421300
2019-01-15 23:59:59,3630.67522467,-0.0203388919683547
2019-01-16 23:59:59,3655.00688578,0.0067016903480294800
2019-01-17 23:59:59,3678.56397636,0.006445156279089480
2019-01-18 23:59:59,3657.83943502,-0.005633867311588100
2019-01-19 23:59:59,3728.56836493,0.01933625878512980
2019-01-20 23:59:59,3601.0135915,-0.0342101206001072
2019-01-21 23:59:59,3576.03243928,-0.006937255743484810
2019-01-22 23:59:59,3604.57705248,0.007982201975144100
2019-01-23 23:59:59,3585.12306636,-0.0053970232392772700
2019-01-24 23:59:59,3600.86550122,0.004391044482604970
2019-01-25 23:59:59,3599.7658879,-0.0003053747271669630
2019-01-26 23:59:59,3602.46043861,0.0007485349864160270
2019-01-27 23:59:59,3583.96576317,-0.005133901053230190
2019-01-28 23:59:59,3470.45054223,-0.03167307626275880
2019-01-29 23:59:59,3448.11702209,-0.006435337391567990
2019-01-30 23:59:59,3486.18175093,0.01103927987250500
2019-01-31 23:59:59,3457.79274724,-0.00814329421649529
2019-02-01 23:59:59,3487.94538683,0.008720198633671130
2019-02-02 23:59:59,3521.06078726,0.009494242815566660
2019-02-03 23:59:59,3464.01332586,-0.016201782600973700
2019-02-04 23:59:59,3459.15414635,-0.0014027600511016300
2019-02-05 23:59:59,3466.35743916,0.0020823856079386100
2019-02-06 23:59:59,3413.7677183000000,-0.015171465084900300
2019-02-07 23:59:59,3399.47164359,-0.0041877701969479400
2019-02-08 23:59:59,3666.78035061,0.07863242734324130
2019-02-09 23:59:59,3671.20370545,0.0012063320998392200
2019-02-10 23:59:59,3690.18824383,0.005171202663534210
2019-02-11 23:59:59,3648.43062774,-0.011315849851242300
2019-02-12 23:59:59,3653.52864497,0.0013973178470869700
2019-02-13 23:59:59,3632.07060268,-0.005873237731293780
2019-02-14 23:59:59,3616.88097021,-0.004182086234444830
2019-02-15 23:59:59,3620.81075285,0.0010865114645373100
2019-02-16 23:59:59,3629.78749138,0.0024792067696259900
2019-02-17 23:59:59,3673.83629289,0.01213536649586430
2019-02-18 23:59:59,3915.71447331,0.0658380398952747
2019-02-19 23:59:59,3947.09440657,0.008013846125372480
2019-02-20 23:59:59,3999.82050882,0.013358206523319300
2019-02-21 23:59:59,3954.1182433,-0.01142607910010520
2019-02-22 23:59:59,4005.52660406,0.013001219891971800
2019-02-23 23:59:59,4142.52692999,0.03420282511446480
2019-02-24 23:59:59,3810.42743065,-0.0801683380585293
2019-02-25 23:59:59,3882.69629339,0.018966077705269800
2019-02-26 23:59:59,3854.35793575,-0.007298628452666820
2019-02-27 23:59:59,3851.04747978,-0.0008588864929472970
2019-02-28 23:59:59,3854.78528208,0.0009705936682489200
2019-03-01 23:59:59,3859.58375221,0.0012448086673744200
2019-03-02 23:59:59,3864.41510673,0.0012517812360550700
2019-03-03 23:59:59,3847.17569934,-0.004461065106586730
2019-03-04 23:59:59,3761.55701842,-0.022254944304906000
2019-03-05 23:59:59,3896.37502308,0.035841010517668300
2019-03-06 23:59:59,3903.9425832000000,0.0019422052741773200
2019-03-07 23:59:59,3911.4842891000000,0.0019318178326841500
2019-03-08 23:59:59,3901.13162355,-0.0026467358130134500
2019-03-09 23:59:59,3963.31374243,0.015939508040339900
2019-03-10 23:59:59,3951.59982769,-0.002955586032615700
2019-03-11 23:59:59,3905.22731979,-0.011735122462313800
2019-03-12 23:59:59,3909.15620907,0.0010060590481098000
2019-03-13 23:59:59,3906.71716859,-0.0006239301653745420
2019-03-14 23:59:59,3924.369118,0.004518358675135610
2019-03-15 23:59:59,3960.91118728,0.009311578034897790
2019-03-16 23:59:59,4048.72590374,0.02217033210489720
2019-03-17 23:59:59,4025.22897966,-0.005803535393268940
2019-03-18 23:59:59,4032.50738522,0.0018081966508685100
2019-03-19 23:59:59,4071.19020004,0.009592744941219640
2019-03-20 23:59:59,4087.47629856,0.004000328582005390
2019-03-21 23:59:59,4029.32690706,-0.014226233316750000
2019-03-22 23:59:59,4023.96816173,-0.0013299356080070900
2019-03-23 23:59:59,4035.82635079,0.0029468893846571500
2019-03-24 23:59:59,4022.1682822,-0.003384206207813320
2019-03-25 23:59:59,3963.07065416,-0.014692977492148900
2019-03-26 23:59:59,3985.08080287,0.005553811837014870
2019-03-27 23:59:59,4087.06622992,0.025591809073620700
2019-03-28 23:59:59,4069.10714977,-0.004394125061768620
2019-03-29 23:59:59,4098.37454059,0.007192582977731290
2019-03-30 23:59:59,4106.66008466,0.0020216659038701000
2019-03-31 23:59:59,4105.40429618,-0.0003057931394642170
2019-04-01 23:59:59,4158.18307045,0.012855926106744200
2019-04-02 23:59:59,4879.87782845,0.17356012127717600
2019-04-03 23:59:59,4973.02181522,0.019087360389836700
2019-04-04 23:59:59,4922.79878778,-0.010099096546548700
2019-04-05 23:59:59,5036.68110011,0.023133651656186600
2019-04-06 23:59:59,5059.81718799,0.004593518513509750
2019-04-07 23:59:59,5198.89699014,0.02748711998530680
2019-04-08 23:59:59,5289.77104039,0.017479486595396700
2019-04-09 23:59:59,5204.95837847,-0.01603333325250070
2019-04-10 23:59:59,5324.5518687,0.022976838916655400
2019-04-11 23:59:59,5064.48767243,-0.048842457108694700
2019-04-12 23:59:59,5089.53891201,0.004946450894998340
2019-04-13 23:59:59,5096.58656276,0.0013847326588600800
2019-04-14 23:59:59,5167.72236684,0.013957538678883500
2019-04-15 23:59:59,5067.10847228,-0.019469678790334200
2019-04-16 23:59:59,5235.55941893,0.03324399853911240
2019-04-17 23:59:59,5251.93818854,0.003128370494809070
2019-04-18 23:59:59,5298.38569881,0.008843879840655820
2019-04-19 23:59:59,5303.81261613,0.0010242586381015200
2019-04-20 23:59:59,5337.8861323,0.00642434388921953
2019-04-21 23:59:59,5314.5314532,-0.004375267385094420
2019-04-22 23:59:59,5399.36541009,0.015962640853112200
2019-04-23 23:59:59,5572.36206051,0.03204018199929840
2019-04-24 23:59:59,5464.86664182,-0.01929081734508860
2019-04-25 23:59:59,5210.51555862,-0.0465429625040753
2019-04-26 23:59:59,5279.34821147,0.013210334385457700
2019-04-27 23:59:59,5268.29106346,-0.002094415364755960
2019-04-28 23:59:59,5285.13900822,0.003197990497687990
2019-04-29 23:59:59,5247.35253746,-0.007149569898015850
2019-04-30 23:59:59,5350.72669668,0.0197002504562116
2019-05-01 23:59:59,5402.69709069,0.009712773041135940
2019-05-02 23:59:59,5505.28367176,0.018988031227362300
2019-05-03 23:59:59,5768.28940693,0.04777333028616090
2019-05-04 23:59:59,5831.16747167,0.010900643207058600
2019-05-05 23:59:59,5795.70842926,-0.006080950784259410
2019-05-06 23:59:59,5746.80700343,-0.008437523458412530
2019-05-07 23:59:59,5829.50151628,0.014389645032562200
2019-05-08 23:59:59,5982.45732286,0.026238230859506800
2019-05-09 23:59:59,6174.52868876,0.032105764493473500
2019-05-10 23:59:59,6378.8489737,0.03309083093450370
2019-05-11 23:59:59,7204.77169716,0.1294783317280720
2019-05-12 23:59:59,6972.37152291,-0.03225642449456220
2019-05-13 23:59:59,7814.91513992,0.12084032158090700
2019-05-14 23:59:59,7994.41615632,0.02296902950143070
2019-05-15 23:59:59,8205.16749484,0.02636231769763330
2019-05-16 23:59:59,7884.90929094,-0.03903128170161070
2019-05-17 23:59:59,7343.89571659,-0.06861379812848830
2019-05-18 23:59:59,7271.20790408,-0.009897718501884150
2019-05-19 23:59:59,8197.68969114,0.12741786499326100
2019-05-20 23:59:59,7978.30907244,-0.026761273842446800
2019-05-21 23:59:59,7963.32777911,-0.0018777529416290600
2019-05-22 23:59:59,7680.06654589,-0.035570711275137
2019-05-23 23:59:59,7881.84672105,0.02627323265421210
2019-05-24 23:59:59,7987.37156583,0.01338834013330590
2019-05-25 23:59:59,8052.54385907,0.008159416737141270
2019-05-26 23:59:59,8673.21603511,0.07707777652659460
2019-05-27 23:59:59,8805.778376600000,0.015284104645079300
2019-05-28 23:59:59,8719.9617362,-0.009745491736204090
2019-05-29 23:59:59,8659.48775584,-0.006935119922481860
2019-05-30 23:59:59,8319.47222898,-0.03926508547006060
2019-05-31 23:59:59,8574.50164907,0.03065451906932660
2019-06-01 23:59:59,8564.01647182,-0.0012228322623435400
2019-06-02 23:59:59,8742.95810038,0.020894591824853300
2019-06-03 23:59:59,8208.99482964,-0.0610735250711989
2019-06-04 23:59:59,7707.77077085,-0.06105790893913630
2019-06-05 23:59:59,7824.23153913,0.015109526702641800
2019-06-06 23:59:59,7822.02338228,-0.000282220284376411
2019-06-07 23:59:59,8043.95135807,0.02837219539547210
2019-06-08 23:59:59,7954.12772355,-0.011166605878327000
2019-06-09 23:59:59,7688.07711075,-0.033448119271745700
2019-06-10 23:59:59,8000.32982299,0.040615189954766000
2019-06-11 23:59:59,7927.71435114,-0.009076559773989580
2019-06-12 23:59:59,8145.85747373,0.027516521525353700
2019-06-13 23:59:59,8230.92383068,0.010442897782625600
2019-06-14 23:59:59,8693.83281543,0.05624022215155860
2019-06-15 23:59:59,8838.37523367,0.016625856662836100
2019-06-16 23:59:59,8994.48801293,0.01766306307807410
2019-06-17 23:59:59,9320.35218253,0.03622931834825450
2019-06-18 23:59:59,9081.76285149,-0.025598746309952600
2019-06-19 23:59:59,9273.52176614,0.021114723846652700
2019-06-20 23:59:59,9527.16035008,0.02735083718313990
2019-06-21 23:59:59,10144.5567168,0.06480381814029370
2019-06-22 23:59:59,10701.691013,0.05491953091231210
2019-06-23 23:59:59,10855.3710156,0.014360347576220800
2019-06-24 23:59:59,11011.1024485,0.014346025822259000
2019-06-25 23:59:59,11790.916533,0.07082070920212270
2019-06-26 23:59:59,13016.2317442,0.1039202684346570
2019-06-27 23:59:59,11182.8062855,-0.14085685432859400
2019-06-28 23:59:59,12407.331998,0.10950075332054700
2019-06-29 23:59:59,11959.3709764,-0.03610454057908740
2019-06-30 23:59:59,10817.1555981,-0.09550798119349150
2019-07-01 23:59:59,10583.1345195,-0.021634252782783900
2019-07-02 23:59:59,10801.6779238,0.02065015840980980
2019-07-03 23:59:59,11961.2693412,0.1073528969832550
2019-07-04 23:59:59,11215.4375483,-0.06235390004395440
2019-07-05 23:59:59,10978.4599518,-0.021129589949517500
2019-07-06 23:59:59,11208.5508454,0.02095839440232910
2019-07-07 23:59:59,11450.8467553,0.021617059443455000
2019-07-08 23:59:59,12285.958217,0.0729301054800573
2019-07-09 23:59:59,12573.8129407,0.023429570458875400
2019-07-10 23:59:59,12156.5126313,-0.03318804815755180
2019-07-11 23:59:59,11358.661752,-0.06563155927183700
2019-07-12 23:59:59,11815.986686700000,0.0402622196773732
2019-07-13 23:59:59,11392.379335700000,-0.03585035784415790
2019-07-14 23:59:59,10256.0582756,-0.09974396275053290
2019-07-15 23:59:59,10895.0893874,0.062307671683214500
2019-07-16 23:59:59,9477.64204235,-0.13009965266455300
2019-07-17 23:59:59,9693.80272448,0.022807432604450100
2019-07-18 23:59:59,10666.482849100000,0.10034040843060100
2019-07-19 23:59:59,10530.7326264,-0.012726802697803400
2019-07-20 23:59:59,10767.1395226,0.02244923545084990
2019-07-21 23:59:59,10599.105396500000,-0.015606199376101600
2019-07-22 23:59:59,10343.1061684,-0.024152908997823200
2019-07-23 23:59:59,9900.76801058,-0.042766471755981900
2019-07-24 23:59:59,9811.92618837,-0.008973225321011750
2019-07-25 23:59:59,9911.84226491,0.010183125578179500
2019-07-26 23:59:59,9870.30353766,-0.004190818027548280
2019-07-27 23:59:59,9477.67767811,-0.03977849901494340
2019-07-28 23:59:59,9552.86043541,0.00793261385894617
2019-07-29 23:59:59,9519.14591371,-0.0035292593174532900
2019-07-30 23:59:59,9607.42368665,0.00927370729897703
2019-07-31 23:59:59,10085.6277491,0.04977443256869060
2019-08-01 23:59:59,10399.6694229,0.031137543602878200
2019-08-02 23:59:59,10518.1746772,0.011395098197934300
2019-08-03 23:59:59,10821.726510300000,0.028859744434364800
2019-08-04 23:59:59,10970.184215700000,0.013718486163802200
2019-08-05 23:59:59,11805.653725300000,0.07615820237588290
2019-08-06 23:59:59,11478.169346100000,-0.027739622626588200
2019-08-07 23:59:59,11941.9683406,0.04040705277253860
2019-08-08 23:59:59,11966.407405,0.0020464854455284300
2019-08-09 23:59:59,11862.936760000000,-0.00864675934038206
2019-08-10 23:59:59,11354.0242177,-0.04289937244004990
2019-08-11 23:59:59,11523.5793784,0.014933485912041400
2019-08-12 23:59:59,11382.615956200000,-0.012232607384492300
2019-08-13 23:59:59,10895.830435800000,-0.04276569834852910
2019-08-14 23:59:59,10051.703931300000,-0.0774724340171895
2019-08-15 23:59:59,10311.545429,0.025850492560856300
2019-08-16 23:59:59,10374.3393471,0.006089670896798790
2019-08-17 23:59:59,10231.7438454,-0.013745019989138900
2019-08-18 23:59:59,10345.8103795,0.011148298454645400
2019-08-19 23:59:59,10916.053870200000,0.05511830101099920
2019-08-20 23:59:59,10763.2326304,-0.01399967805373260
2019-08-21 23:59:59,10138.049355,-0.05808508436714580
2019-08-22 23:59:59,10131.0561021,-0.0006898026094684930
2019-08-23 23:59:59,10407.965329,0.027332710835803500
2019-08-24 23:59:59,10159.960538500000,-0.02382836439788830
2019-08-25 23:59:59,10138.517665000000,-0.002110527242575880
2019-08-26 23:59:59,10370.820160500000,0.02291286588195730
2019-08-27 23:59:59,10185.4998997,-0.017869392963330100
2019-08-28 23:59:59,9754.42327325,-0.042322579224874000
2019-08-29 23:59:59,9510.20054413,-0.02503712646853680
2019-08-30 23:59:59,9598.17364826,0.009250394218479400
2019-08-31 23:59:59,9630.66384768,0.003385039759713940
2019-09-01 23:59:59,9757.97031807,0.013218867609076300
2019-09-02 23:59:59,10346.7607927,0.060339441035157400
2019-09-03 23:59:59,10623.5401172,0.02675033568914410
2019-09-04 23:59:59,10594.493353600000,-0.0027341887242439100
2019-09-05 23:59:59,10575.533284000000,-0.0017896155075273200
2019-09-06 23:59:59,10353.302559200000,-0.021013666056558900
2019-09-07 23:59:59,10517.254784,0.01583574167397540
2019-09-08 23:59:59,10441.275979,-0.007224205038332650
2019-09-09 23:59:59,10334.9741628,-0.010180921988251300
2019-09-10 23:59:59,10115.9757913,-0.02119002602718330
2019-09-11 23:59:59,10178.371889300000,0.006168075061395720
2019-09-12 23:59:59,10410.1268031,0.022769350179043100
2019-09-13 23:59:59,10360.547277300000,-0.00476262458063792
2019-09-14 23:59:59,10358.0491621,-0.00024111807350868400
2019-09-15 23:59:59,10347.7129074,-0.0009978958912282290
2019-09-16 23:59:59,10276.7935649,-0.0068536248671224900
2019-09-17 23:59:59,10241.2721545,-0.00345646822383594
2019-09-18 23:59:59,10198.2484072,-0.004201015913935620
2019-09-19 23:59:59,10266.414969400000,0.006684144127325990
2019-09-20 23:59:59,10181.6413094,-0.008257377112913740
2019-09-21 23:59:59,10019.716910100000,-0.015903565484133200
2019-09-22 23:59:59,10070.392106400000,0.005057547708649860
2019-09-23 23:59:59,9729.32376435,-0.03386842721181050
2019-09-24 23:59:59,8620.56642733,-0.11396037010122800
2019-09-25 23:59:59,8486.99297206,-0.015494742299824900
2019-09-26 23:59:59,8118.96756783,-0.043363462823826300
2019-09-27 23:59:59,8251.84555744,0.016366365366023300
2019-09-28 23:59:59,8245.91515478,-0.0007186759154323990
2019-09-29 23:59:59,8104.18567564,-0.017187841067930600
2019-09-30 23:59:59,8293.86774062,0.02340544412132070
2019-10-01 23:59:59,8343.276681400000,0.005957285831556410
2019-10-02 23:59:59,8393.04164486,0.005964678550208550
2019-10-03 23:59:59,8259.99197863,-0.015852377702841800
2019-10-04 23:59:59,8205.93924121,-0.0065439212967570700
2019-10-05 23:59:59,8151.50052921,-0.006634062280964750
2019-10-06 23:59:59,7988.15595888,-0.02003858918301890
2019-10-07 23:59:59,8245.622933,0.032231090059500900
2019-10-08 23:59:59,8228.7831528,-0.0020422690119148400
2019-10-09 23:59:59,8595.73981722,0.04459428054014690
2019-10-10 23:59:59,8586.47342543,-0.001078021437018740
2019-10-11 23:59:59,8321.75671178,-0.030829503631375000
2019-10-12 23:59:59,8336.55527417,0.0017782978885996200
2019-10-13 23:59:59,8321.00574668,-0.0018652221425529100
2019-10-14 23:59:59,8374.6864467,0.00645122737013093
2019-10-15 23:59:59,8205.36931588,-0.020217727779733000
2019-10-16 23:59:59,8047.52686305,-0.01923648366741080
2019-10-17 23:59:59,8103.91137325,0.00700643951359603
2019-10-18 23:59:59,7973.20744597,-0.01612849909877310
2019-10-19 23:59:59,7988.56044241,0.0019255734337830800
2019-10-20 23:59:59,8222.07826034,0.02923152670790240
2019-10-21 23:59:59,8243.72113905,0.002632288093680210
2019-10-22 23:59:59,8078.20332194,-0.02007804659062910
2019-10-23 23:59:59,7514.67201276,-0.06975948570760490
2019-10-24 23:59:59,7493.48873154,-0.0028189229262475200
2019-10-25 23:59:59,8660.70063696,0.15576348310330000
2019-10-26 23:59:59,9244.97220867,0.0674623908851657
2019-10-27 23:59:59,9551.7149631,0.033179413361820000
2019-10-28 23:59:59,9256.14838876,-0.03094382270428140
2019-10-29 23:59:59,9427.68758384,0.01853245949344370
2019-10-30 23:59:59,9205.72655905,-0.023543527807440600
2019-10-31 23:59:59,9199.58483269,-0.0006671636747630490
2019-11-01 23:59:59,9261.104352,0.006687206045581150
2019-11-02 23:59:59,9324.71776331,0.006868879659720270
2019-11-03 23:59:59,9235.35487947,-0.009583441140880060
2019-11-04 23:59:59,9412.61187106,0.019193305931755700
2019-11-05 23:59:59,9342.52717939,-0.007445828281253510
2019-11-06 23:59:59,9360.87991187,0.001964429123683780
2019-11-07 23:59:59,9267.56114253,-0.009969016825188580
2019-11-08 23:59:59,8804.88071936,-0.04992472302628790
2019-11-09 23:59:59,8813.58248677,0.000988289073679871
2019-11-10 23:59:59,9055.52605732,0.027451217585264600
2019-11-11 23:59:59,8757.78854226,-0.03287909649592640
2019-11-12 23:59:59,8815.66253925,0.006608288920283200
2019-11-13 23:59:59,8808.2625823,-0.0008394101880661030
2019-11-14 23:59:59,8708.09509517,-0.011371991490272300
2019-11-15 23:59:59,8491.99201234,-0.024816343926912600
2019-11-16 23:59:59,8550.76055694,0.006920466306916010
2019-11-17 23:59:59,8577.9757816,0.0031827840902305400
2019-11-18 23:59:59,8309.28598342,-0.031323217157636000
2019-11-19 23:59:59,8206.14591807,-0.0124126267354141
2019-11-20 23:59:59,8027.26824331,-0.02179801292176760
2019-11-21 23:59:59,7642.74994484,-0.047901513542974000
2019-11-22 23:59:59,7296.57756843,-0.04529421725274660
2019-11-23 23:59:59,7397.7968154,0.013872153899650700
2019-11-24 23:59:59,7047.91688176,-0.047295153188264700
2019-11-25 23:59:59,7146.13390214,0.013935609915347600
2019-11-26 23:59:59,7218.37133433,0.01010860322227770
2019-11-27 23:59:59,7531.663644600000,0.04340207724975410
2019-11-28 23:59:59,7463.106128300000,-0.009102572756173770
2019-11-29 23:59:59,7761.24360172,0.0399481755042268
2019-11-30 23:59:59,7569.63012202,-0.024688502195387200
2019-12-01 23:59:59,7424.29226516,-0.01920012662669120
2019-12-02 23:59:59,7321.98811242,-0.013779650515657000
2019-12-03 23:59:59,7320.1454684,-0.00025165897454471100
2019-12-04 23:59:59,7252.03458617,-0.00930458042453186
2019-12-05 23:59:59,7448.30752084,0.027064533730203300
2019-12-06 23:59:59,7546.99669772,0.01324987946642550
2019-12-07 23:59:59,7556.23803387,0.0012245051270252100
2019-12-08 23:59:59,7564.345403200000,0.0010729372597395600
2019-12-09 23:59:59,7400.89935576,-0.021607427837821500
2019-12-10 23:59:59,7278.119783300000,-0.01658981787996370
2019-12-11 23:59:59,7217.427115200000,-0.008339058700196690
2019-12-12 23:59:59,7243.13436273,0.0035618298764474900
2019-12-13 23:59:59,7269.68455922,0.0036655673028260800
2019-12-14 23:59:59,7124.67396997,-0.019947301436358100
2019-12-15 23:59:59,7152.30184412,0.0038777738134334600
2019-12-16 23:59:59,6932.48038982,-0.03073436483678580
2019-12-17 23:59:59,6640.51524608,-0.04211553835316080
2019-12-18 23:59:59,7276.80277047,0.09581899910035000
2019-12-19 23:59:59,7202.84436364,-0.010163585459555200
2019-12-20 23:59:59,7218.81638679,0.0022174605397038400
2019-12-21 23:59:59,7191.15846913,-0.0038313646140955000
2019-12-22 23:59:59,7511.58904232,0.04455896425666790
2019-12-23 23:59:59,7355.62826671,-0.02076268745951390
2019-12-24 23:59:59,7322.5324589,-0.004499385587467100
2019-12-25 23:59:59,7275.15572845,-0.006469992549151040
2019-12-26 23:59:59,7238.96702501,-0.004974285746005670
2019-12-27 23:59:59,7290.08851803,0.007061987275723160
2019-12-28 23:59:59,7317.99003408,0.003827321983950420
2019-12-29 23:59:59,7422.65258898,0.014302090384461300
2019-12-30 23:59:59,7292.99507783,-0.01746781350679070
2019-12-31 23:59:59,7193.59897843,-0.013628982103958100
2020-01-01 23:59:59,7200.17439274,0.0009140646190755050
2020-01-02 23:59:59,6985.47000061,-0.029819332202076800
2020-01-03 23:59:59,7344.88418341,0.05145168224451810
2020-01-04 23:59:59,7410.65656642,0.008954856382699770
2020-01-05 23:59:59,7411.31732676,8.91635355217968E-05
2020-01-06 23:59:59,7769.21903905,0.048291241153273400
2020-01-07 23:59:59,8163.69223944,0.05077385492766800
2020-01-08 23:59:59,8079.86277673,-0.010268572142517400
2020-01-09 23:59:59,7879.07152428,-0.024850824574432100
2020-01-10 23:59:59,8166.55414039,0.03648686462917610
2020-01-11 23:59:59,8037.53738872,-0.01579818727116620
2020-01-12 23:59:59,8192.49400532,0.019279116115524400
2020-01-13 23:59:59,8144.19451744,-0.005895578055795550
2020-01-14 23:59:59,8827.76442606,0.08393339662457720
2020-01-15 23:59:59,8807.01027532,-0.002351008674260860
2020-01-16 23:59:59,8723.78576573,-0.009449802712643950
2020-01-17 23:59:59,8929.037677600000,0.023527848732404900
2020-01-18 23:59:59,8942.80890321,0.0015422967297524800
2020-01-19 23:59:59,8706.24512993,-0.026452960791221500
2020-01-20 23:59:59,8657.64293942,-0.005582451422475600
2020-01-21 23:59:59,8745.89478833,0.010193519128419000
2020-01-22 23:59:59,8680.87604222,-0.00743420172361986
2020-01-23 23:59:59,8406.516067800000,-0.031605102190796300
2020-01-24 23:59:59,8445.43428152,0.004629529451453780
2020-01-25 23:59:59,8367.84777344,-0.009186799102773420
2020-01-26 23:59:59,8596.82983316,0.027364510674632500
2020-01-27 23:59:59,8909.81917753,0.03640753050185160
2020-01-28 23:59:59,9358.59031703,0.05036815344488390
2020-01-29 23:59:59,9316.62950445,-0.00448366806950018
2020-01-30 23:59:59,9508.993594700000,0.020647390792788400
2020-01-31 23:59:59,9350.52936518,-0.016664668867620600
2020-02-01 23:59:59,9392.87536841,0.004528727901512040
2020-02-02 23:59:59,9344.36529292,-0.005164560753477930
2020-02-03 23:59:59,9293.52108908,-0.005441161838838030
2020-02-04 23:59:59,9180.962966500000,-0.0121114614688137
2020-02-05 23:59:59,9613.42428895,0.047104135375340100
2020-02-06 23:59:59,9729.80223149,0.012105774076129000
2020-02-07 23:59:59,9795.94377253,0.0067978299523843200
2020-02-08 23:59:59,9865.11946905,0.0070616673723653500
2020-02-09 23:59:59,10116.673759000000,0.025499365794728200
2020-02-10 23:59:59,9856.61149362,-0.025706301455915300
2020-02-11 23:59:59,10208.2362609,0.03567400089854410
2020-02-12 23:59:59,10326.0545246,0.011541490683485900
2020-02-13 23:59:59,10214.3794638,-0.010814881960380300
2020-02-14 23:59:59,10312.1160909,0.009568533012346060
2020-02-15 23:59:59,9889.42462838,-0.040989788981623900
2020-02-16 23:59:59,9934.43339025,0.004551201264109570
2020-02-17 23:59:59,9690.14261814,-0.02459030752068410
2020-02-18 23:59:59,10141.9963705,0.04663024788862510
2020-02-19 23:59:59,9633.38688518,-0.0501488530206331
2020-02-20 23:59:59,9608.47590343,-0.0025859006854922500
2020-02-21 23:59:59,9686.44119763,0.008114220713419050
2020-02-22 23:59:59,9663.18182933,-0.0024012294944494300
2020-02-23 23:59:59,9924.51522822,0.027044238999704300
2020-02-24 23:59:59,9650.17480677,-0.027642702453609300
2020-02-25 23:59:59,9341.70516876,-0.031965186557407800
2020-02-26 23:59:59,8820.52220005,-0.05579098882856100
2020-02-27 23:59:59,8784.49384867,-0.004084605260649580
2020-02-28 23:59:59,8672.45534996,-0.012754121141192700
2020-02-29 23:59:59,8599.50861972,-0.008411312286587540
2020-03-01 23:59:59,8562.45405008,-0.004308917088009960
2020-03-02 23:59:59,8869.67031078,0.0358794638666855
2020-03-03 23:59:59,8787.78645576,-0.009231893875523150
2020-03-04 23:59:59,8755.24589461,-0.0037029303470013100
2020-03-05 23:59:59,9078.76279174,0.03695120628527040
2020-03-06 23:59:59,9122.54557333,0.0048225493488864800
2020-03-07 23:59:59,8909.9536515,-0.023304013131106500
2020-03-08 23:59:59,8108.11629101,-0.08999343788449550
2020-03-09 23:59:59,7923.6447033,-0.022751472856221300
2020-03-10 23:59:59,7909.72939346,-0.0017561753916357500
2020-03-11 23:59:59,7911.43012933,0.0002150182117994780
2020-03-12 23:59:59,4970.78790105,-0.37169540528180500
2020-03-13 23:59:59,5563.70689169,0.1192806859682660
2020-03-14 23:59:59,5200.36626392,-0.065305494132462
2020-03-15 23:59:59,5392.31488002,0.03691059559241690
2020-03-16 23:59:59,5014.47997748,-0.07006914672953920
2020-03-17 23:59:59,5225.62919259,0.042107898736911700
2020-03-18 23:59:59,5238.43857664,0.002451261575957990
2020-03-19 23:59:59,6191.19295222,0.18187755027398000
2020-03-20 23:59:59,6198.77820508,0.0012251682217852
2020-03-21 23:59:59,6185.06651501,-0.0022119988191805500
2020-03-22 23:59:59,5830.25479765,-0.05736586930778170
2020-03-23 23:59:59,6416.31475839,0.10052047141682800
2020-03-24 23:59:59,6734.80378045,0.04963737504360140
2020-03-25 23:59:59,6681.06312656,-0.007979542632853050
2020-03-26 23:59:59,6716.44054866,0.005295178541175670
2020-03-27 23:59:59,6469.79813509,-0.03672219113429180
2020-03-28 23:59:59,6242.1938684,-0.035179500494080600
2020-03-29 23:59:59,5922.0431227,-0.05128817727381170
2020-03-30 23:59:59,6429.84193389,0.08574723295133360
2020-03-31 23:59:59,6438.64476637,0.0013690589240775700
2020-04-01 23:59:59,6606.77626829,0.026112871267285300
2020-04-02 23:59:59,6793.62459642,0.02828131611279170
2020-04-03 23:59:59,6733.3873906,-0.008866725702174170
2020-04-04 23:59:59,6867.52731596,0.019921611156260300
2020-04-05 23:59:59,6791.12944093,-0.011124509814828600
2020-04-06 23:59:59,7271.781152700000,0.07077640265154140
2020-04-07 23:59:59,7176.41450049,-0.013114620779613200
2020-04-08 23:59:59,7334.09845346,0.021972525828773300
2020-04-09 23:59:59,7302.089510500000,-0.0043644005003639100
2020-04-10 23:59:59,6865.49337195,-0.05979057609773200
2020-04-11 23:59:59,6859.08296343,-0.0009337141808615220
2020-04-12 23:59:59,6971.09159108,0.01632997125813860
2020-04-13 23:59:59,6845.03769683,-0.018082375278399100
2020-04-14 23:59:59,6842.42786097,-0.0003812741398353530
2020-04-15 23:59:59,6642.10989286,-0.029275861168027400
2020-04-16 23:59:59,7116.80421777,0.07146740005314830
2020-04-17 23:59:59,7096.18465879,-0.002897305918366340
2020-04-18 23:59:59,7257.66485847,0.02275591848923700
2020-04-19 23:59:59,7189.42482356,-0.00940247810290673
2020-04-20 23:59:59,6881.95869275,-0.042766443541133100
2020-04-21 23:59:59,6880.32347375,-0.00023760953429197200
2020-04-22 23:59:59,7117.20747869,0.03442919593007020
2020-04-23 23:59:59,7429.72464927,0.043910082924479000
2020-04-24 23:59:59,7550.90102725,0.016309672794119900
2020-04-25 23:59:59,7569.93603405,0.002520892106955940
2020-04-26 23:59:59,7679.86720422,0.014522073855779400
2020-04-27 23:59:59,7795.60083451,0.015069743683381100
2020-04-28 23:59:59,7807.05845106,0.0014697541335466600
2020-04-29 23:59:59,8801.03776688,0.12731803175945800
2020-04-30 23:59:59,8658.55417975,-0.016189407533983500
2020-05-01 23:59:59,8864.76680793,0.02381605795829930
2020-05-02 23:59:59,8988.5962069,0.013968714761817300
2020-05-03 23:59:59,8897.46850985,-0.010138145596088400
2020-05-04 23:59:59,8912.65460539,0.0017067883435821800
2020-05-05 23:59:59,9003.07017834,0.010144628839910500
2020-05-06 23:59:59,9268.76208066,0.029511255278140000
2020-05-07 23:59:59,9951.5187451,0.07366211997874280
2020-05-08 23:59:59,9842.66636785,-0.010938267820034700
2020-05-09 23:59:59,9593.89673363,-0.025274618169785800
2020-05-10 23:59:59,8756.43114193,-0.08729149530705150
2020-05-11 23:59:59,8601.79620238,-0.017659584943177800
2020-05-12 23:59:59,8804.47781074,0.023562707554489700
2020-05-13 23:59:59,9269.98770576,0.05287194823208670
2020-05-14 23:59:59,9733.72147137,0.050025283779163300
2020-05-15 23:59:59,9328.19722645,-0.04166178846526240
2020-05-16 23:59:59,9377.014025700000,0.005233251191514520
2020-05-17 23:59:59,9670.73937122,0.03132397421129700
2020-05-18 23:59:59,9726.5748149,0.00577364786048995
2020-05-19 23:59:59,9729.0379192,0.00025323449897563000
2020-05-20 23:59:59,9522.98115678,-0.021179562062694000
2020-05-21 23:59:59,9081.76202252,-0.04633203899031860
2020-05-22 23:59:59,9182.57751787,0.01110087393834030
2020-05-23 23:59:59,9209.28742769,0.002908759525092060
2020-05-24 23:59:59,8790.36800074,-0.045488799240907100
2020-05-25 23:59:59,8906.93476142,0.013260737283147500
2020-05-26 23:59:59,8835.05306073,-0.008070307307217700
2020-05-27 23:59:59,9181.01794762,0.03915821269118820
2020-05-28 23:59:59,9525.751094700000,0.03754846674375220
2020-05-29 23:59:59,9439.12439045,-0.009093950008645320
2020-05-30 23:59:59,9700.41407169,0.02768155926670040
2020-05-31 23:59:59,9461.05891806,-0.024674735723760700
2020-06-01 23:59:59,10167.268101200000,0.07464377817074320
2020-06-02 23:59:59,9529.80414872,-0.06269766333837150
2020-06-03 23:59:59,9656.71776526,0.013317547198181000
2020-06-04 23:59:59,9800.63659532,0.014903493460039600
2020-06-05 23:59:59,9665.53278908,-0.01378520720832720
2020-06-06 23:59:59,9653.67926335,-0.0012263706500887900
2020-06-07 23:59:59,9758.8524174,0.010894618640302900
2020-06-08 23:59:59,9771.48948366,0.0012949336376342200
2020-06-09 23:59:59,9795.70019463,0.0024776888938464700
2020-06-10 23:59:59,9870.09445278,0.007594582997832330
2020-06-11 23:59:59,9321.78129819,-0.055552979478890600
2020-06-12 23:59:59,9480.84378943,0.017063529614332900
2020-06-13 23:59:59,9475.27733834,-0.0005871261264959180
2020-06-14 23:59:59,9386.78789214,-0.009338982178594640
2020-06-15 23:59:59,9450.70198692,0.006808942048591280
2020-06-16 23:59:59,9538.0243743,0.009239777902303460
2020-06-17 23:59:59,9480.25536624,-0.006056705853641600
2020-06-18 23:59:59,9411.84046197,-0.007216567658465460
2020-06-19 23:59:59,9288.01871603,-0.013155954612737100
2020-06-20 23:59:59,9332.340762,0.004771959157824140
2020-06-21 23:59:59,9303.62971409,-0.0030765108821257900
2020-06-22 23:59:59,9648.71760979,0.03709174873731010
2020-06-23 23:59:59,9629.65836578,-0.0019753136925326800
2020-06-24 23:59:59,9313.61034868,-0.03282027306629170
2020-06-25 23:59:59,9264.81304308,-0.005239354425742860
2020-06-26 23:59:59,9162.91760386,-0.010998110673815100
2020-06-27 23:59:59,9045.39095672,-0.012826334604437500
2020-06-28 23:59:59,9143.58219104,0.010855388649293500
2020-06-29 23:59:59,9190.85446467,0.00516999493659287
2020-06-30 23:59:59,9137.99340026,-0.005751485306746960
2020-07-01 23:59:59,9228.32559024,0.009885342002701410
2020-07-02 23:59:59,9123.41015432,-0.011368848540732100
2020-07-03 23:59:59,9087.30391103,-0.003957538100257790
2020-07-04 23:59:59,9132.48795051,0.004972216173507290
2020-07-05 23:59:59,9073.94286936,-0.00641063875115544
2020-07-06 23:59:59,9375.47475925,0.03323052549825770
2020-07-07 23:59:59,9252.27750386,-0.013140375133371500
2020-07-08 23:59:59,9428.333084800000,0.01902835068085130
2020-07-09 23:59:59,9277.96790642,-0.015948225102739600
2020-07-10 23:59:59,9278.807867200000,9.05328395692795E-05
2020-07-11 23:59:59,9240.34632654,-0.004145095060752340
2020-07-12 23:59:59,9276.49985018,0.003912572360644130
2020-07-13 23:59:59,9243.61385509,-0.0035450865758772700
2020-07-14 23:59:59,9243.21341642,-4.33205752942145E-05
2020-07-15 23:59:59,9192.83736784,-0.005450057930125210
2020-07-16 23:59:59,9132.22786293,-0.006593122719872670
2020-07-17 23:59:59,9151.39223963,0.0020985434209097600
2020-07-18 23:59:59,9159.03990531,0.0008356833014853130
2020-07-19 23:59:59,9185.81691242,0.0029235604808834900
2020-07-20 23:59:59,9164.231364700000,-0.002349877852541700
2020-07-21 23:59:59,9374.88752808,0.022986779250405300
2020-07-22 23:59:59,9525.36344997,0.016050957565015000
2020-07-23 23:59:59,9581.07201141,0.005848444705821350
2020-07-24 23:59:59,9536.89268563,-0.0046111046579534500
2020-07-25 23:59:59,9677.11349729,0.014702987260335000
2020-07-26 23:59:59,9905.16724705,0.023566298961344800
2020-07-27 23:59:59,10990.873399800000,0.10961007781805500
2020-07-28 23:59:59,10912.8230505,-0.007101378249104400
2020-07-29 23:59:59,11100.4681253,0.01719491591970820
2020-07-30 23:59:59,11111.2142899,0.0009680821095738870
2020-07-31 23:59:59,11323.4664207,0.01910251438431330
2020-08-01 23:59:59,11759.592770700000,0.038515268540271000
2020-08-02 23:59:59,11053.613901,-0.060034295699337900
2020-08-03 23:59:59,11246.3487749,0.017436367474583400
2020-08-04 23:59:59,11205.892917900000,-0.0035972436752354000
2020-08-05 23:59:59,11747.0228312,0.04828976300814140
2020-08-06 23:59:59,11779.7732574,0.002787976721473130
2020-08-07 23:59:59,11601.4727146,-0.015136160849954600
2020-08-08 23:59:59,11754.0458135,0.01315118370342710
2020-08-09 23:59:59,11675.7393433,-0.00666208652258804
2020-08-10 23:59:59,11878.111325300000,0.017332690979961600
2020-08-11 23:59:59,11410.5256775,-0.0393653195356114
2020-08-12 23:59:59,11584.934576200000,0.015284913563965900
2020-08-13 23:59:59,11784.1373895,0.01719498819693290
2020-08-14 23:59:59,11768.870619300000,-0.001295535659114560
2020-08-15 23:59:59,11865.69857,0.0082274632657795
2020-08-16 23:59:59,11892.8040631,0.0022843571274033800
2020-08-17 23:59:59,12254.401908300000,0.03040475932181000
2020-08-18 23:59:59,11991.2332456,-0.021475439166211100
2020-08-19 23:59:59,11758.2835921,-0.019426663523993800
2020-08-20 23:59:59,11878.371621100000,0.010213057718788400
2020-08-21 23:59:59,11592.4890449,-0.024067488820789000
2020-08-22 23:59:59,11681.8255623,0.007706413786890960
2020-08-23 23:59:59,11664.8479948,-0.0014533317082554600
2020-08-24 23:59:59,11774.5958414,0.009408424923232910
2020-08-25 23:59:59,11366.1350817,-0.03469000254461670
2020-08-26 23:59:59,11488.3634896,0.010753735286570100
2020-08-27 23:59:59,11323.3970324,-0.014359439214239500
2020-08-28 23:59:59,11542.4997333,0.01934955563891940
2020-08-29 23:59:59,11506.8653177,-0.003087235557579840
2020-08-30 23:59:59,11711.506161,0.017784239030348200
2020-08-31 23:59:59,11680.8204905,-0.0026201301590211800
2020-09-01 23:59:59,11970.4787405,0.024797765725068600
2020-09-02 23:59:59,11414.0337325,-0.04648477475820300
2020-09-03 23:59:59,10245.296686,-0.10239474263793100
2020-09-04 23:59:59,10511.813880700000,0.026013614136152000
2020-09-05 23:59:59,10169.567221,-0.03255828761660030
2020-09-06 23:59:59,10280.3517032,0.010893726329989100
2020-09-07 23:59:59,10369.5637386,0.008677916668184740
2020-09-08 23:59:59,10131.5166457,-0.022956326698093
2020-09-09 23:59:59,10242.347780300000,0.010939244189766900
2020-09-10 23:59:59,10363.1390401,0.011793317547011100
2020-09-11 23:59:59,10400.914685400000,0.003645193329340440
2020-09-12 23:59:59,10442.1706031,0.003966566301895510
2020-09-13 23:59:59,10323.7557975,-0.011340056593678400
2020-09-14 23:59:59,10680.837432800000,0.034588345782691900
2020-09-15 23:59:59,10796.9509861,0.010871203127146700
2020-09-16 23:59:59,10974.9048915,0.01648186655928120
2020-09-17 23:59:59,10948.989915200000,-0.0023612939297605900
2020-09-18 23:59:59,10944.5858045,-0.00040223899502245300
2020-09-19 23:59:59,11094.346276100000,0.013683521174316500
2020-09-20 23:59:59,10938.2712894,-0.014067975058271400
2020-09-21 23:59:59,10462.2596185,-0.04351799825638730
2020-09-22 23:59:59,10538.4603213,0.007283388634827580
2020-09-23 23:59:59,10246.18649281,-0.027734016125606600
2020-09-24 23:59:59,10760.06625677,0.05015327061639990
2020-09-25 23:59:59,10692.71721234,-0.006259166330655820
2020-09-26 23:59:59,10750.72357903,0.005424848103441570
2020-09-27 23:59:59,10775.26937624,0.00228317629316388
2020-09-28 23:59:59,10709.65218175,-0.006089610588732810
2020-09-29 23:59:59,10844.64098118,0.01260440555296750
2020-09-30 23:59:59,10784.49157795,-0.005546463302416700
2020-10-01 23:59:59,10619.45190766,-0.015303426137161600
2020-10-02 23:59:59,10575.97504191,-0.004094078124563080
2020-10-03 23:59:59,10549.32889962,-0.0025194974632983800
2020-10-04 23:59:59,10669.58254327,0.011399174752654700
2020-10-05 23:59:59,10793.33942751,0.01159903714490330
2020-10-06 23:59:59,10604.40588882,-0.017504641631898200
2020-10-07 23:59:59,10668.96895539,0.0060883247252983
2020-10-08 23:59:59,10915.68573098,0.02312470648490890
2020-10-09 23:59:59,11064.45759247,0.013629181451035000
2020-10-10 23:59:59,11296.3614282,0.02095934968270140
2020-10-11 23:59:59,11384.1819535,0.007774231185695420
2020-10-12 23:59:59,11555.3628878,0.015036735621339200
2020-10-13 23:59:59,11425.899400700000,-0.011203757801209600
2020-10-14 23:59:59,11429.50688675,0.0003157288475492680
2020-10-15 23:59:59,11495.34965037,0.005760770282778440
2020-10-16 23:59:59,11322.12268618,-0.015069307977458900
2020-10-17 23:59:59,11358.10156733,0.0031777505108574500
2020-10-18 23:59:59,11483.35971184,0.011028088080343100
2020-10-19 23:59:59,11742.03715033,0.02252628542353240
2020-10-20 23:59:59,11916.33514058,0.014843931084403300
2020-10-21 23:59:59,12823.68918938,0.07614371684714440
2020-10-22 23:59:59,12965.89129043,0.01108901650297050
2020-10-23 23:59:59,12931.53902256,-0.002649433586980220
2020-10-24 23:59:59,13108.06261161,0.013650624936602000
2020-10-25 23:59:59,13031.17431056,-0.005865725800081160
2020-10-26 23:59:59,13075.24769656,0.003382149985077240
2020-10-27 23:59:59,13654.21844012,0.04427990635407400
2020-10-28 23:59:59,13271.28536861,-0.028045037743415000
2020-10-29 23:59:59,13437.8832414,0.01255325826871650
2020-10-30 23:59:59,13546.52226938,0.008084534299665600
2020-10-31 23:59:59,13780.99470249,0.017308681036164700
2020-11-01 23:59:59,13737.10982864,-0.003184448931111690
2020-11-02 23:59:59,13550.4893841,-0.013585131579200300
2020-11-03 23:59:59,13950.30084729,0.02950531540647790
2020-11-04 23:59:59,14133.70715301,0.013147121895627600
2020-11-05 23:59:59,15579.84846029,0.10231861263462100
2020-11-06 23:59:59,15565.88058083,-0.0008965350013256930
2020-11-07 23:59:59,14833.754107500000,-0.04703405435550130
2020-11-08 23:59:59,15479.56703842,0.04353671540190060
2020-11-09 23:59:59,15332.31559743,-0.009512633048748940
2020-11-10 23:59:59,15290.90268148,-0.0027010216223922700
2020-11-11 23:59:59,15701.33973237,0.026841911131061600
2020-11-12 23:59:59,16276.34394919,0.0366213473895205
2020-11-13 23:59:59,16317.80819009,0.0025475156478285100
2020-11-14 23:59:59,16068.13870685,-0.015300430078080400
2020-11-15 23:59:59,15955.58743887,-0.007004623872957970
2020-11-16 23:59:59,16716.11132377,0.04766505074249160
2020-11-17 23:59:59,17645.40576746,0.05559274078107880
2020-11-18 23:59:59,17804.00563217,0.008988167617118400
2020-11-19 23:59:59,17817.09024754,0.0007349253668151870
2020-11-20 23:59:59,18621.31436938,0.045137792460306000
2020-11-21 23:59:59,18642.23276593,0.001123357682226490
2020-11-22 23:59:59,18370.00252365,-0.014602877546809700
2020-11-23 23:59:59,18364.12159134,-0.0003201378063192320
2020-11-24 23:59:59,19107.46444977,0.04047799698628320
2020-11-25 23:59:59,18732.120777400000,-0.019643824190106700
2020-11-26 23:59:59,17150.62357809,-0.08442702340559620
2020-11-27 23:59:59,17108.40172774,-0.0024618259597240000
2020-11-28 23:59:59,17717.415011200000,0.03559732189784450
2020-11-29 23:59:59,18177.48341979,0.025967016537072000
2020-11-30 23:59:59,19625.83502949,0.07967833479760820
2020-12-01 23:59:59,18802.99829969,-0.04192620230240390
2020-12-02 23:59:59,19201.09115697,0.02117177542299540
2020-12-03 23:59:59,19445.39847988,0.012723616637865700
2020-12-04 23:59:59,18699.76561337,-0.03834495175203020
2020-12-05 23:59:59,19154.231131,0.024303273475527700
2020-12-06 23:59:59,19345.12095871,0.009965935275838560
2020-12-07 23:59:59,19191.63128698,-0.007934283381200170
2020-12-08 23:59:59,18321.14491611,-0.045357601855375200
2020-12-09 23:59:59,18553.91537685,0.012705017170369300
2020-12-10 23:59:59,18264.99210672,-0.015572091618488900
2020-12-11 23:59:59,18058.90334725,-0.01128326572855050
2020-12-12 23:59:59,18803.65687045,0.04124024083186680
2020-12-13 23:59:59,19142.3825335,0.0180138185558103
2020-12-14 23:59:59,19246.64434137,0.0054466473902889900
2020-12-15 23:59:59,19417.07603342,0.008855138019236990
2020-12-16 23:59:59,21310.59813054,0.09751839534752470
2020-12-17 23:59:59,22805.16149213,0.07013239855751200
2020-12-18 23:59:59,23137.96056165,0.014593146802966100
2020-12-19 23:59:59,23869.83196434,0.03163076541426200
2020-12-20 23:59:59,23477.29519711,-0.016444890262169600
2020-12-21 23:59:59,22803.0814087,-0.02871769438299670
2020-12-22 23:59:59,23783.02850288,0.04297432775055230
2020-12-23 23:59:59,23241.34486501,-0.022776058053515100
2020-12-24 23:59:59,23735.94972763,0.021281249664886200
2020-12-25 23:59:59,24664.79027412,0.039132225891461900
2020-12-26 23:59:59,26437.0375091,0.07185332675784230
2020-12-27 23:59:59,26272.29456706,-0.006231520531878590
2020-12-28 23:59:59,27084.80788628,0.030926621850484400
2020-12-29 23:59:59,27362.436557300000,0.010250346695670700
2020-12-30 23:59:59,28840.95341968,0.05403454693385280
2020-12-31 23:59:59,29001.71982218,0.005574240218781950
2021-01-01 23:59:59,29374.15188907,0.012841723496865600
2021-01-02 23:59:59,32127.26793922,0.09372580561804830
2021-01-03 23:59:59,32782.02446581,0.02038008733978570
2021-01-04 23:59:59,31971.91352155,-0.02471204745469290
2021-01-05 23:59:59,33992.42934365,0.06319658724017610
2021-01-06 23:59:59,36824.36441009,0.08331075834004850
2021-01-07 23:59:59,39371.04235311,0.06915741748205730
2021-01-08 23:59:59,40797.61071993,0.036233949663446300
2021-01-09 23:59:59,40254.54649816,-0.0133111771053962
2021-01-10 23:59:59,38356.43950662,-0.04715261148518370
2021-01-11 23:59:59,35566.65594049,-0.07273312127024990
2021-01-12 23:59:59,33922.9605815,-0.04621450388083230
2021-01-13 23:59:59,37316.35939997,0.10003250778532000
2021-01-14 23:59:59,39187.32812109,0.0501380293041529
2021-01-15 23:59:59,36825.36585131,-0.060273623720440100
2021-01-16 23:59:59,36178.13890106,-0.01757557420782490
2021-01-17 23:59:59,35791.27792129,-0.010693225011601400
2021-01-18 23:59:59,36630.07568284,0.023435814820432800
2021-01-19 23:59:59,36069.80639361,-0.015295335288986700
2021-01-20 23:59:59,35547.750885500000,-0.014473476857987300
2021-01-21 23:59:59,30825.69850603,-0.13283688171102100
2021-01-22 23:59:59,33005.76356216,0.0707223246118347
2021-01-23 23:59:59,32067.64288212,-0.028422935232909500
2021-01-24 23:59:59,32289.37808687,0.0069146087713742900
2021-01-25 23:59:59,32366.39304887,0.002385148508986520
2021-01-26 23:59:59,32569.84955679,0.006286042056425690
2021-01-27 23:59:59,30432.54707881,-0.06562211699054120
2021-01-28 23:59:59,33466.09635821,0.09968108392452770
2021-01-29 23:59:59,34316.38765032,0.02540754329422710
2021-01-30 23:59:59,34269.52154165,-0.0013657063542806800
2021-01-31 23:59:59,33114.35774753,-0.033708197318017900
2021-02-01 23:59:59,33537.1768196,0.01276845153675190
2021-02-02 23:59:59,35510.28903716,0.05883358125740810
2021-02-03 23:59:59,37472.09010368,0.05524598981627720
2021-02-04 23:59:59,36926.06446515,-0.0145715287569822
2021-02-05 23:59:59,38144.30686267,0.03299139551331700
2021-02-06 23:59:59,39266.01073494,0.029406849003927200
2021-02-07 23:59:59,38903.44147971,-0.009233666686373380
2021-02-08 23:59:59,46196.46371944,0.18746470652303700
2021-02-09 23:59:59,46481.10423596,0.0061615217616803900
2021-02-10 23:59:59,44918.18449192,-0.03362484109899560
2021-02-11 23:59:59,47909.33119483,0.06659099731530920
2021-02-12 23:59:59,47504.85118326,-0.00844261444446237
2021-02-13 23:59:59,47105.51747252,-0.008406166965969190
2021-02-14 23:59:59,48717.2902111,0.034216219777657000
2021-02-15 23:59:59,47945.05683234,-0.015851320453452700
2021-02-16 23:59:59,49199.87134362,0.026171926663221700
2021-02-17 23:59:59,52149.00753587,0.05994194927163020
2021-02-18 23:59:59,51679.79669449,-0.00899750280112721
2021-02-19 23:59:59,55888.13368221,0.08143098961085270
2021-02-20 23:59:59,56099.52051348,0.0037823204559304100
2021-02-21 23:59:59,57539.9436679,0.02567621151189490
2021-02-22 23:59:59,54207.31906543,-0.0579184543819633
2021-02-23 23:59:59,48824.42686909,-0.0993019446293345
2021-02-24 23:59:59,49705.33331637,0.018042330525290600
2021-02-25 23:59:59,47093.85301914,-0.052539237200325400
2021-02-26 23:59:59,46339.76008289,-0.016012555522766700
2021-02-27 23:59:59,46188.45127539,-0.003265204809635440