city,state,house_type,price,year,month,time
San Francisco,CA,1,772531.0,2015,01,2015-01
Berkeley,CA,1,489258.0,2015,01,2015-01
Mountain View,CA,1,534448.0,2015,01,2015-01
Palo Alto,CA,1,1126590.0,2015,01,2015-01
Foster City,CA,1,551859.0,2015,01,2015-01
San Francisco,CA,1,776145.0,2015,02,2015-02
Berkeley,CA,1,493921.0,2015,02,2015-02
Mountain View,CA,1,535323.0,2015,02,2015-02
Palo Alto,CA,1,1132341.0,2015,02,2015-02
Foster City,CA,1,557849.0,2015,02,2015-02
San Francisco,CA,1,784169.0,2015,03,2015-03
Berkeley,CA,1,501310.0,2015,03,2015-03
Mountain View,CA,1,543475.0,2015,03,2015-03
Palo Alto,CA,1,1146576.0,2015,03,2015-03
Foster City,CA,1,567408.0,2015,03,2015-03
San Francisco,CA,1,796022.0,2015,04,2015-04
Berkeley,CA,1,507777.0,2015,04,2015-04
Mountain View,CA,1,547419.0,2015,04,2015-04
Palo Alto,CA,1,1152200.0,2015,04,2015-04
Foster City,CA,1,575276.0,2015,04,2015-04
San Francisco,CA,1,800780.0,2015,05,2015-05
Berkeley,CA,1,514589.0,2015,05,2015-05
Mountain View,CA,1,551663.0,2015,05,2015-05
Palo Alto,CA,1,1175897.0,2015,05,2015-05
Foster City,CA,1,584955.0,2015,05,2015-05
San Francisco,CA,1,812242.0,2015,06,2015-06
Berkeley,CA,1,520090.0,2015,06,2015-06
Mountain View,CA,1,552708.0,2015,06,2015-06
Palo Alto,CA,1,1180663.0,2015,06,2015-06
Foster City,CA,1,590979.0,2015,06,2015-06
San Francisco,CA,1,827531.0,2015,07,2015-07
Berkeley,CA,1,525757.0,2015,07,2015-07
Mountain View,CA,1,559129.0,2015,07,2015-07
Palo Alto,CA,1,1191885.0,2015,07,2015-07
Foster City,CA,1,600916.0,2015,07,2015-07
San Francisco,CA,1,845283.0,2015,08,2015-08
Berkeley,CA,1,532607.0,2015,08,2015-08
Mountain View,CA,1,565721.0,2015,08,2015-08
Palo Alto,CA,1,1188174.0,2015,08,2015-08
Foster City,CA,1,611770.0,2015,08,2015-08
San Francisco,CA,1,859925.0,2015,09,2015-09
Berkeley,CA,1,543526.0,2015,09,2015-09
Mountain View,CA,1,571875.0,2015,09,2015-09
Palo Alto,CA,1,1201153.0,2015,09,2015-09
Foster City,CA,1,622214.0,2015,09,2015-09
San Francisco,CA,1,869287.0,2015,10,2015-10
Berkeley,CA,1,553032.0,2015,10,2015-10
Mountain View,CA,1,578421.0,2015,10,2015-10
Palo Alto,CA,1,1209923.0,2015,10,2015-10
Foster City,CA,1,633314.0,2015,10,2015-10
San Francisco,CA,1,870011.0,2015,11,2015-11
Berkeley,CA,1,559926.0,2015,11,2015-11
Mountain View,CA,1,587045.0,2015,11,2015-11
Palo Alto,CA,1,1220313.0,2015,11,2015-11
Foster City,CA,1,645879.0,2015,11,2015-11
San Francisco,CA,1,876022.0,2015,12,2015-12
Berkeley,CA,1,565743.0,2015,12,2015-12
Mountain View,CA,1,595751.0,2015,12,2015-12
Palo Alto,CA,1,1222300.0,2015,12,2015-12
Foster City,CA,1,654389.0,2015,12,2015-12
San Francisco,CA,1,886482.0,2016,01,2016-01
Berkeley,CA,1,572415.0,2016,01,2016-01
Mountain View,CA,1,602470.0,2016,01,2016-01
Palo Alto,CA,1,1227244.0,2016,01,2016-01
Foster City,CA,1,667204.0,2016,01,2016-01
San Francisco,CA,1,891327.0,2016,02,2016-02
Berkeley,CA,1,579987.0,2016,02,2016-02
Mountain View,CA,1,604992.0,2016,02,2016-02
Palo Alto,CA,1,1235519.0,2016,02,2016-02
Foster City,CA,1,673760.0,2016,02,2016-02
San Francisco,CA,1,887740.0,2016,03,2016-03
Berkeley,CA,1,581344.0,2016,03,2016-03
Mountain View,CA,1,606051.0,2016,03,2016-03
Palo Alto,CA,1,1241890.0,2016,03,2016-03
Foster City,CA,1,678785.0,2016,03,2016-03
San Francisco,CA,1,875622.0,2016,04,2016-04
Berkeley,CA,1,586036.0,2016,04,2016-04
Mountain View,CA,1,611228.0,2016,04,2016-04
Palo Alto,CA,1,1260079.0,2016,04,2016-04
Foster City,CA,1,685457.0,2016,04,2016-04
San Francisco,CA,1,872354.0,2016,05,2016-05
Berkeley,CA,1,591276.0,2016,05,2016-05
Mountain View,CA,1,612788.0,2016,05,2016-05
Palo Alto,CA,1,1252213.0,2016,05,2016-05
Foster City,CA,1,687787.0,2016,05,2016-05
San Francisco,CA,1,864338.0,2016,06,2016-06
Berkeley,CA,1,597189.0,2016,06,2016-06
Mountain View,CA,1,614890.0,2016,06,2016-06
Palo Alto,CA,1,1252339.0,2016,06,2016-06
Foster City,CA,1,695820.0,2016,06,2016-06
San Francisco,CA,1,852521.0,2016,07,2016-07
Berkeley,CA,1,598750.0,2016,07,2016-07
Mountain View,CA,1,609964.0,2016,07,2016-07
Palo Alto,CA,1,1243242.0,2016,07,2016-07
Foster City,CA,1,692292.0,2016,07,2016-07
San Francisco,CA,1,840616.0,2016,08,2016-08
Berkeley,CA,1,598214.0,2016,08,2016-08
Mountain View,CA,1,611632.0,2016,08,2016-08
Palo Alto,CA,1,1251316.0,2016,08,2016-08
Foster City,CA,1,692233.0,2016,08,2016-08
San Francisco,CA,1,837191.0,2016,09,2016-09
Berkeley,CA,1,597896.0,2016,09,2016-09
Mountain View,CA,1,608886.0,2016,09,2016-09
Palo Alto,CA,1,1241262.0,2016,09,2016-09
Foster City,CA,1,688330.0,2016,09,2016-09
San Francisco,CA,1,839645.0,2016,10,2016-10
Berkeley,CA,1,602653.0,2016,10,2016-10
Mountain View,CA,1,611612.0,2016,10,2016-10
Palo Alto,CA,1,1236538.0,2016,10,2016-10
Foster City,CA,1,689029.0,2016,10,2016-10
San Francisco,CA,1,845792.0,2016,11,2016-11
Berkeley,CA,1,610528.0,2016,11,2016-11
Mountain View,CA,1,611065.0,2016,11,2016-11
Palo Alto,CA,1,1225644.0,2016,11,2016-11
Foster City,CA,1,685593.0,2016,11,2016-11
San Francisco,CA,1,845823.0,2016,12,2016-12
Berkeley,CA,1,616547.0,2016,12,2016-12
Mountain View,CA,1,614709.0,2016,12,2016-12
Palo Alto,CA,1,1226948.0,2016,12,2016-12
Foster City,CA,1,687603.0,2016,12,2016-12
San Francisco,CA,1,843754.0,2017,01,2017-01
Berkeley,CA,1,618709.0,2017,01,2017-01
Mountain View,CA,1,617212.0,2017,01,2017-01
Palo Alto,CA,1,1222674.0,2017,01,2017-01
Foster City,CA,1,689608.0,2017,01,2017-01
San Francisco,CA,1,838595.0,2017,02,2017-02
Berkeley,CA,1,619037.0,2017,02,2017-02
Mountain View,CA,1,623234.0,2017,02,2017-02
Palo Alto,CA,1,1223037.0,2017,02,2017-02
Foster City,CA,1,694806.0,2017,02,2017-02
San Francisco,CA,1,835468.0,2017,03,2017-03
Berkeley,CA,1,624710.0,2017,03,2017-03
Mountain View,CA,1,625115.0,2017,03,2017-03
Palo Alto,CA,1,1225879.0,2017,03,2017-03
Foster City,CA,1,695978.0,2017,03,2017-03
San Francisco,CA,1,837656.0,2017,04,2017-04
Berkeley,CA,1,628798.0,2017,04,2017-04
Mountain View,CA,1,626000.0,2017,04,2017-04
Palo Alto,CA,1,1229897.0,2017,04,2017-04
Foster City,CA,1,690006.0,2017,04,2017-04
San Francisco,CA,1,843437.0,2017,05,2017-05
Berkeley,CA,1,632625.0,2017,05,2017-05
Mountain View,CA,1,625910.0,2017,05,2017-05
Palo Alto,CA,1,1238866.0,2017,05,2017-05
Foster City,CA,1,686593.0,2017,05,2017-05
San Francisco,CA,1,850170.0,2017,06,2017-06
Berkeley,CA,1,638594.0,2017,06,2017-06
Mountain View,CA,1,629260.0,2017,06,2017-06
Palo Alto,CA,1,1242297.0,2017,06,2017-06
Foster City,CA,1,678810.0,2017,06,2017-06
San Francisco,CA,1,856273.0,2017,07,2017-07
Berkeley,CA,1,644238.0,2017,07,2017-07
Mountain View,CA,1,637594.0,2017,07,2017-07
Palo Alto,CA,1,1245931.0,2017,07,2017-07
Foster City,CA,1,683169.0,2017,07,2017-07
San Francisco,CA,1,863764.0,2017,08,2017-08
Berkeley,CA,1,650414.0,2017,08,2017-08
Mountain View,CA,1,647189.0,2017,08,2017-08
Palo Alto,CA,1,1249020.0,2017,08,2017-08
Foster City,CA,1,687522.0,2017,08,2017-08
San Francisco,CA,1,868400.0,2017,09,2017-09
Berkeley,CA,1,654873.0,2017,09,2017-09
Mountain View,CA,1,664887.0,2017,09,2017-09
Palo Alto,CA,1,1266431.0,2017,09,2017-09
Foster City,CA,1,700398.0,2017,09,2017-09
San Francisco,CA,1,870405.0,2017,10,2017-10
Berkeley,CA,1,661419.0,2017,10,2017-10
Mountain View,CA,1,677019.0,2017,10,2017-10
Palo Alto,CA,1,1288854.0,2017,10,2017-10
Foster City,CA,1,713196.0,2017,10,2017-10
San Francisco,CA,1,871809.0,2017,11,2017-11
Berkeley,CA,1,665706.0,2017,11,2017-11
Mountain View,CA,1,688020.0,2017,11,2017-11
Palo Alto,CA,1,1320311.0,2017,11,2017-11
Foster City,CA,1,730019.0,2017,11,2017-11
San Francisco,CA,1,874324.0,2017,12,2017-12
Berkeley,CA,1,672432.0,2017,12,2017-12
Mountain View,CA,1,694528.0,2017,12,2017-12
Palo Alto,CA,1,1357800.0,2017,12,2017-12
Foster City,CA,1,747536.0,2017,12,2017-12
San Francisco,CA,1,876058.0,2018,01,2018-01
Berkeley,CA,1,680880.0,2018,01,2018-01
Mountain View,CA,1,706704.0,2018,01,2018-01
Palo Alto,CA,1,1402016.0,2018,01,2018-01
Foster City,CA,1,761105.0,2018,01,2018-01
San Francisco,CA,1,880059.0,2018,02,2018-02
Berkeley,CA,1,690498.0,2018,02,2018-02
Mountain View,CA,1,720883.0,2018,02,2018-02
Palo Alto,CA,1,1441885.0,2018,02,2018-02
Foster City,CA,1,770355.0,2018,02,2018-02
San Francisco,CA,1,891042.0,2018,03,2018-03
Berkeley,CA,1,697744.0,2018,03,2018-03
Mountain View,CA,1,736316.0,2018,03,2018-03
Palo Alto,CA,1,1469461.0,2018,03,2018-03
Foster City,CA,1,781295.0,2018,03,2018-03
San Francisco,CA,1,901187.0,2018,04,2018-04
Berkeley,CA,1,705787.0,2018,04,2018-04
Mountain View,CA,1,750796.0,2018,04,2018-04
Palo Alto,CA,1,1485482.0,2018,04,2018-04
Foster City,CA,1,799509.0,2018,04,2018-04
San Francisco,CA,1,905448.0,2018,05,2018-05
Berkeley,CA,1,715925.0,2018,05,2018-05
Mountain View,CA,1,768845.0,2018,05,2018-05
Palo Alto,CA,1,1512823.0,2018,05,2018-05
Foster City,CA,1,818480.0,2018,05,2018-05
San Francisco,CA,1,911363.0,2018,06,2018-06
Berkeley,CA,1,719674.0,2018,06,2018-06
Mountain View,CA,1,783065.0,2018,06,2018-06
Palo Alto,CA,1,1550476.0,2018,06,2018-06
Foster City,CA,1,838306.0,2018,06,2018-06
San Francisco,CA,1,917574.0,2018,07,2018-07
Berkeley,CA,1,723875.0,2018,07,2018-07
Mountain View,CA,1,793435.0,2018,07,2018-07
Palo Alto,CA,1,1588568.0,2018,07,2018-07
Foster City,CA,1,853065.0,2018,07,2018-07
San Francisco,CA,1,923660.0,2018,08,2018-08
Berkeley,CA,1,726241.0,2018,08,2018-08
Mountain View,CA,1,794229.0,2018,08,2018-08
Palo Alto,CA,1,1601024.0,2018,08,2018-08
Foster City,CA,1,859012.0,2018,08,2018-08
San Francisco,CA,1,923426.0,2018,09,2018-09
Berkeley,CA,1,727680.0,2018,09,2018-09
Mountain View,CA,1,784682.0,2018,09,2018-09
Palo Alto,CA,1,1593048.0,2018,09,2018-09
Foster City,CA,1,856894.0,2018,09,2018-09
San Francisco,CA,1,922215.0,2018,10,2018-10
Berkeley,CA,1,722342.0,2018,10,2018-10
Mountain View,CA,1,773857.0,2018,10,2018-10
Palo Alto,CA,1,1580685.0,2018,10,2018-10
Foster City,CA,1,850889.0,2018,10,2018-10
San Francisco,CA,1,917761.0,2018,11,2018-11
Berkeley,CA,1,718105.0,2018,11,2018-11
Mountain View,CA,1,764677.0,2018,11,2018-11
Palo Alto,CA,1,1568748.0,2018,11,2018-11
Foster City,CA,1,847450.0,2018,11,2018-11
San Francisco,CA,1,911680.0,2018,12,2018-12
Berkeley,CA,1,713803.0,2018,12,2018-12
Mountain View,CA,1,757339.0,2018,12,2018-12
Palo Alto,CA,1,1549394.0,2018,12,2018-12
Foster City,CA,1,836256.0,2018,12,2018-12
San Francisco,CA,1,912160.0,2019,01,2019-01
Berkeley,CA,1,713786.0,2019,01,2019-01
Mountain View,CA,1,743771.0,2019,01,2019-01
Palo Alto,CA,1,1527787.0,2019,01,2019-01
Foster City,CA,1,822910.0,2019,01,2019-01
San Francisco,CA,1,912753.0,2019,02,2019-02
Berkeley,CA,1,713781.0,2019,02,2019-02
Mountain View,CA,1,726883.0,2019,02,2019-02
Palo Alto,CA,1,1507448.0,2019,02,2019-02
Foster City,CA,1,812485.0,2019,02,2019-02
San Francisco,CA,1,911793.0,2019,03,2019-03
Berkeley,CA,1,713578.0,2019,03,2019-03
Mountain View,CA,1,713162.0,2019,03,2019-03
Palo Alto,CA,1,1494229.0,2019,03,2019-03
Foster City,CA,1,807662.0,2019,03,2019-03
San Francisco,CA,1,907515.0,2019,04,2019-04
Berkeley,CA,1,713413.0,2019,04,2019-04
Mountain View,CA,1,701825.0,2019,04,2019-04
Palo Alto,CA,1,1497497.0,2019,04,2019-04
Foster City,CA,1,809873.0,2019,04,2019-04
San Francisco,CA,1,912360.0,2019,05,2019-05
Berkeley,CA,1,716655.0,2019,05,2019-05
Mountain View,CA,1,690214.0,2019,05,2019-05
Palo Alto,CA,1,1497396.0,2019,05,2019-05
Foster City,CA,1,819692.0,2019,05,2019-05
San Francisco,CA,1,916564.0,2019,06,2019-06
Berkeley,CA,1,727518.0,2019,06,2019-06
Mountain View,CA,1,676601.0,2019,06,2019-06
Palo Alto,CA,1,1491772.0,2019,06,2019-06
Foster City,CA,1,823694.0,2019,06,2019-06
San Francisco,CA,1,919868.0,2019,07,2019-07
Berkeley,CA,1,738119.0,2019,07,2019-07
Mountain View,CA,1,669445.0,2019,07,2019-07
Palo Alto,CA,1,1473330.0,2019,07,2019-07
Foster City,CA,1,823076.0,2019,07,2019-07
San Francisco,CA,1,917436.0,2019,08,2019-08
Berkeley,CA,1,745665.0,2019,08,2019-08
Mountain View,CA,1,663450.0,2019,08,2019-08
Palo Alto,CA,1,1465792.0,2019,08,2019-08
Foster City,CA,1,810180.0,2019,08,2019-08
San Francisco,CA,1,917298.0,2019,09,2019-09
Berkeley,CA,1,749903.0,2019,09,2019-09
Mountain View,CA,1,666752.0,2019,09,2019-09
Palo Alto,CA,1,1474132.0,2019,09,2019-09
Foster City,CA,1,802880.0,2019,09,2019-09
San Francisco,CA,1,924109.0,2019,10,2019-10
Berkeley,CA,1,752827.0,2019,10,2019-10
Mountain View,CA,1,666728.0,2019,10,2019-10
Palo Alto,CA,1,1475963.0,2019,10,2019-10
Foster City,CA,1,784249.0,2019,10,2019-10
San Francisco,CA,1,930871.0,2019,11,2019-11
Berkeley,CA,1,748582.0,2019,11,2019-11
Mountain View,CA,1,671266.0,2019,11,2019-11
Palo Alto,CA,1,1482747.0,2019,11,2019-11
Foster City,CA,1,771954.0,2019,11,2019-11
San Francisco,CA,1,942490.0,2019,12,2019-12
Berkeley,CA,1,752542.0,2019,12,2019-12
Mountain View,CA,1,673096.0,2019,12,2019-12
Palo Alto,CA,1,1479364.0,2019,12,2019-12
Foster City,CA,1,759360.0,2019,12,2019-12
San Francisco,CA,1,944542.0,2020,01,2020-01
Berkeley,CA,1,756680.0,2020,01,2020-01
Mountain View,CA,1,682067.0,2020,01,2020-01
Palo Alto,CA,1,1487585.0,2020,01,2020-01
Foster City,CA,1,760739.0,2020,01,2020-01
San Francisco,CA,1,947235.0,2020,02,2020-02
Berkeley,CA,1,763720.0,2020,02,2020-02
Mountain View,CA,1,689612.0,2020,02,2020-02
Palo Alto,CA,1,1489518.0,2020,02,2020-02
Foster City,CA,1,761785.0,2020,02,2020-02
San Francisco,CA,1,944796.0,2020,03,2020-03
Berkeley,CA,1,765439.0,2020,03,2020-03
Mountain View,CA,1,697953.0,2020,03,2020-03
Palo Alto,CA,1,1497988.0,2020,03,2020-03
Foster City,CA,1,763129.0,2020,03,2020-03
San Francisco,CA,1,945313.0,2020,04,2020-04
Berkeley,CA,1,767329.0,2020,04,2020-04
Mountain View,CA,1,702296.0,2020,04,2020-04
Palo Alto,CA,1,1493119.0,2020,04,2020-04
Foster City,CA,1,754203.0,2020,04,2020-04
San Francisco,CA,1,940109.0,2020,05,2020-05
Berkeley,CA,1,767931.0,2020,05,2020-05
Mountain View,CA,1,706716.0,2020,05,2020-05
Palo Alto,CA,1,1484770.0,2020,05,2020-05
Foster City,CA,1,737388.0,2020,05,2020-05
San Francisco,CA,1,933815.0,2020,06,2020-06
Berkeley,CA,1,766151.0,2020,06,2020-06
Mountain View,CA,1,713628.0,2020,06,2020-06
Palo Alto,CA,1,1476031.0,2020,06,2020-06
Foster City,CA,1,725093.0,2020,06,2020-06
San Francisco,CA,1,927507.0,2020,07,2020-07
Berkeley,CA,1,765564.0,2020,07,2020-07
Mountain View,CA,1,716052.0,2020,07,2020-07
Palo Alto,CA,1,1476072.0,2020,07,2020-07
Foster City,CA,1,716362.0,2020,07,2020-07
San Francisco,CA,1,924656.0,2020,08,2020-08
Berkeley,CA,1,769385.0,2020,08,2020-08
Mountain View,CA,1,720918.0,2020,08,2020-08
Palo Alto,CA,1,1477995.0,2020,08,2020-08
Foster City,CA,1,718972.0,2020,08,2020-08
San Francisco,CA,1,922430.0,2020,09,2020-09
Berkeley,CA,1,777676.0,2020,09,2020-09
Mountain View,CA,1,720793.0,2020,09,2020-09
Palo Alto,CA,1,1473224.0,2020,09,2020-09
Foster City,CA,1,719385.0,2020,09,2020-09
San Francisco,CA,1,914641.0,2020,10,2020-10
Berkeley,CA,1,790825.0,2020,10,2020-10
Mountain View,CA,1,724517.0,2020,10,2020-10
Palo Alto,CA,1,1472511.0,2020,10,2020-10
Foster City,CA,1,728567.0,2020,10,2020-10
San Francisco,CA,1,907125.0,2020,11,2020-11
Berkeley,CA,1,810597.0,2020,11,2020-11
Mountain View,CA,1,723729.0,2020,11,2020-11
Palo Alto,CA,1,1464786.0,2020,11,2020-11
Foster City,CA,1,731465.0,2020,11,2020-11
San Francisco,CA,1,895537.0,2020,12,2020-12
Berkeley,CA,1,824408.0,2020,12,2020-12
Mountain View,CA,1,724780.0,2020,12,2020-12
Palo Alto,CA,1,1465001.0,2020,12,2020-12
Foster City,CA,1,737181.0,2020,12,2020-12
San Francisco,CA,2,1029211.0,2015,01,2015-01
Berkeley,CA,2,750464.0,2015,01,2015-01
Mountain View,CA,2,851066.0,2015,01,2015-01
Palo Alto,CA,2,1789701.0,2015,01,2015-01
Foster City,CA,2,806399.0,2015,01,2015-01
San Francisco,CA,2,1038388.0,2015,02,2015-02
Berkeley,CA,2,756380.0,2015,02,2015-02
Mountain View,CA,2,855525.0,2015,02,2015-02
Palo Alto,CA,2,1789633.0,2015,02,2015-02
Foster City,CA,2,816207.0,2015,02,2015-02
San Francisco,CA,2,1053496.0,2015,03,2015-03
Berkeley,CA,2,766447.0,2015,03,2015-03
Mountain View,CA,2,869540.0,2015,03,2015-03
Palo Alto,CA,2,1806855.0,2015,03,2015-03
Foster City,CA,2,831245.0,2015,03,2015-03
San Francisco,CA,2,1071542.0,2015,04,2015-04
Berkeley,CA,2,776143.0,2015,04,2015-04
Mountain View,CA,2,880489.0,2015,04,2015-04
Palo Alto,CA,2,1827728.0,2015,04,2015-04
Foster City,CA,2,845784.0,2015,04,2015-04
San Francisco,CA,2,1079259.0,2015,05,2015-05
Berkeley,CA,2,789091.0,2015,05,2015-05
Mountain View,CA,2,891685.0,2015,05,2015-05
Palo Alto,CA,2,1842546.0,2015,05,2015-05
Foster City,CA,2,863810.0,2015,05,2015-05
San Francisco,CA,2,1094322.0,2015,06,2015-06
Berkeley,CA,2,799888.0,2015,06,2015-06
Mountain View,CA,2,895009.0,2015,06,2015-06
Palo Alto,CA,2,1833635.0,2015,06,2015-06
Foster City,CA,2,877516.0,2015,06,2015-06
San Francisco,CA,2,1114628.0,2015,07,2015-07
Berkeley,CA,2,810617.0,2015,07,2015-07
Mountain View,CA,2,901728.0,2015,07,2015-07
Palo Alto,CA,2,1838592.0,2015,07,2015-07
Foster City,CA,2,893231.0,2015,07,2015-07
San Francisco,CA,2,1138400.0,2015,08,2015-08
Berkeley,CA,2,823497.0,2015,08,2015-08
Mountain View,CA,2,910201.0,2015,08,2015-08
Palo Alto,CA,2,1846895.0,2015,08,2015-08
Foster City,CA,2,908719.0,2015,08,2015-08
San Francisco,CA,2,1159777.0,2015,09,2015-09
Berkeley,CA,2,838804.0,2015,09,2015-09
Mountain View,CA,2,918109.0,2015,09,2015-09
Palo Alto,CA,2,1862854.0,2015,09,2015-09
Foster City,CA,2,920491.0,2015,09,2015-09
San Francisco,CA,2,1175791.0,2015,10,2015-10
Berkeley,CA,2,850443.0,2015,10,2015-10
Mountain View,CA,2,925663.0,2015,10,2015-10
Palo Alto,CA,2,1851324.0,2015,10,2015-10
Foster City,CA,2,932555.0,2015,10,2015-10
San Francisco,CA,2,1180156.0,2015,11,2015-11
Berkeley,CA,2,853799.0,2015,11,2015-11
Mountain View,CA,2,932864.0,2015,11,2015-11
Palo Alto,CA,2,1838556.0,2015,11,2015-11
Foster City,CA,2,942282.0,2015,11,2015-11
San Francisco,CA,2,1189612.0,2015,12,2015-12
Berkeley,CA,2,859718.0,2015,12,2015-12
Mountain View,CA,2,941732.0,2015,12,2015-12
Palo Alto,CA,2,1827546.0,2015,12,2015-12
Foster City,CA,2,945990.0,2015,12,2015-12
San Francisco,CA,2,1204121.0,2016,01,2016-01
Berkeley,CA,2,866817.0,2016,01,2016-01
Mountain View,CA,2,950734.0,2016,01,2016-01
Palo Alto,CA,2,1836012.0,2016,01,2016-01
Foster City,CA,2,957831.0,2016,01,2016-01
San Francisco,CA,2,1209323.0,2016,02,2016-02
Berkeley,CA,2,875989.0,2016,02,2016-02
Mountain View,CA,2,953357.0,2016,02,2016-02
Palo Alto,CA,2,1840026.0,2016,02,2016-02
Foster City,CA,2,964439.0,2016,02,2016-02
San Francisco,CA,2,1204518.0,2016,03,2016-03
Berkeley,CA,2,876427.0,2016,03,2016-03
Mountain View,CA,2,955839.0,2016,03,2016-03
Palo Alto,CA,2,1840655.0,2016,03,2016-03
Foster City,CA,2,970868.0,2016,03,2016-03
San Francisco,CA,2,1188904.0,2016,04,2016-04
Berkeley,CA,2,882580.0,2016,04,2016-04
Mountain View,CA,2,961696.0,2016,04,2016-04
Palo Alto,CA,2,1845060.0,2016,04,2016-04
Foster City,CA,2,974854.0,2016,04,2016-04
San Francisco,CA,2,1187330.0,2016,05,2016-05
Berkeley,CA,2,889264.0,2016,05,2016-05
Mountain View,CA,2,961642.0,2016,05,2016-05
Palo Alto,CA,2,1837790.0,2016,05,2016-05
Foster City,CA,2,973324.0,2016,05,2016-05
San Francisco,CA,2,1179809.0,2016,06,2016-06
Berkeley,CA,2,897232.0,2016,06,2016-06
Mountain View,CA,2,963157.0,2016,06,2016-06
Palo Alto,CA,2,1838587.0,2016,06,2016-06
Foster City,CA,2,976691.0,2016,06,2016-06
San Francisco,CA,2,1167828.0,2016,07,2016-07
Berkeley,CA,2,897043.0,2016,07,2016-07
Mountain View,CA,2,955688.0,2016,07,2016-07
Palo Alto,CA,2,1817806.0,2016,07,2016-07
Foster City,CA,2,972811.0,2016,07,2016-07
San Francisco,CA,2,1155564.0,2016,08,2016-08
Berkeley,CA,2,895651.0,2016,08,2016-08
Mountain View,CA,2,958756.0,2016,08,2016-08
Palo Alto,CA,2,1813238.0,2016,08,2016-08
Foster City,CA,2,970851.0,2016,08,2016-08
San Francisco,CA,2,1152203.0,2016,09,2016-09
Berkeley,CA,2,893038.0,2016,09,2016-09
Mountain View,CA,2,958200.0,2016,09,2016-09
Palo Alto,CA,2,1789783.0,2016,09,2016-09
Foster City,CA,2,969631.0,2016,09,2016-09
San Francisco,CA,2,1156437.0,2016,10,2016-10
Berkeley,CA,2,899429.0,2016,10,2016-10
Mountain View,CA,2,965451.0,2016,10,2016-10
Palo Alto,CA,2,1793052.0,2016,10,2016-10
Foster City,CA,2,971291.0,2016,10,2016-10
San Francisco,CA,2,1166559.0,2016,11,2016-11
Berkeley,CA,2,906727.0,2016,11,2016-11
Mountain View,CA,2,967499.0,2016,11,2016-11
Palo Alto,CA,2,1788032.0,2016,11,2016-11
Foster City,CA,2,972222.0,2016,11,2016-11
San Francisco,CA,2,1171810.0,2016,12,2016-12
Berkeley,CA,2,913147.0,2016,12,2016-12
Mountain View,CA,2,971794.0,2016,12,2016-12
Palo Alto,CA,2,1799610.0,2016,12,2016-12
Foster City,CA,2,984814.0,2016,12,2016-12
San Francisco,CA,2,1173102.0,2017,01,2017-01
Berkeley,CA,2,915674.0,2017,01,2017-01
Mountain View,CA,2,975480.0,2017,01,2017-01
Palo Alto,CA,2,1804493.0,2017,01,2017-01
Foster City,CA,2,993275.0,2017,01,2017-01
San Francisco,CA,2,1169666.0,2017,02,2017-02
Berkeley,CA,2,919329.0,2017,02,2017-02
Mountain View,CA,2,984522.0,2017,02,2017-02
Palo Alto,CA,2,1812677.0,2017,02,2017-02
Foster City,CA,2,1005129.0,2017,02,2017-02
San Francisco,CA,2,1168606.0,2017,03,2017-03
Berkeley,CA,2,930732.0,2017,03,2017-03
Mountain View,CA,2,988141.0,2017,03,2017-03
Palo Alto,CA,2,1811181.0,2017,03,2017-03
Foster City,CA,2,1004895.0,2017,03,2017-03
San Francisco,CA,2,1176112.0,2017,04,2017-04
Berkeley,CA,2,935492.0,2017,04,2017-04
Mountain View,CA,2,993976.0,2017,04,2017-04
Palo Alto,CA,2,1817795.0,2017,04,2017-04
Foster City,CA,2,1006626.0,2017,04,2017-04
San Francisco,CA,2,1187816.0,2017,05,2017-05
Berkeley,CA,2,939877.0,2017,05,2017-05
Mountain View,CA,2,999664.0,2017,05,2017-05
Palo Alto,CA,2,1830064.0,2017,05,2017-05
Foster City,CA,2,1010811.0,2017,05,2017-05
San Francisco,CA,2,1200355.0,2017,06,2017-06
Berkeley,CA,2,946817.0,2017,06,2017-06
Mountain View,CA,2,1012747.0,2017,06,2017-06
Palo Alto,CA,2,1844689.0,2017,06,2017-06
Foster City,CA,2,1015899.0,2017,06,2017-06
San Francisco,CA,2,1213172.0,2017,07,2017-07
Berkeley,CA,2,966922.0,2017,07,2017-07
Mountain View,CA,2,1028243.0,2017,07,2017-07
Palo Alto,CA,2,1848300.0,2017,07,2017-07
Foster City,CA,2,1025713.0,2017,07,2017-07
San Francisco,CA,2,1226865.0,2017,08,2017-08
Berkeley,CA,2,983302.0,2017,08,2017-08
Mountain View,CA,2,1048140.0,2017,08,2017-08
Palo Alto,CA,2,1859414.0,2017,08,2017-08
Foster City,CA,2,1032451.0,2017,08,2017-08
San Francisco,CA,2,1238687.0,2017,09,2017-09
Berkeley,CA,2,1001436.0,2017,09,2017-09
Mountain View,CA,2,1072946.0,2017,09,2017-09
Palo Alto,CA,2,1891946.0,2017,09,2017-09
Foster City,CA,2,1046054.0,2017,09,2017-09
San Francisco,CA,2,1246162.0,2017,10,2017-10
Berkeley,CA,2,1007179.0,2017,10,2017-10
Mountain View,CA,2,1097559.0,2017,10,2017-10
Palo Alto,CA,2,1938803.0,2017,10,2017-10
Foster City,CA,2,1062485.0,2017,10,2017-10
San Francisco,CA,2,1253525.0,2017,11,2017-11
Berkeley,CA,2,1018304.0,2017,11,2017-11
Mountain View,CA,2,1122379.0,2017,11,2017-11
Palo Alto,CA,2,1990161.0,2017,11,2017-11
Foster City,CA,2,1087593.0,2017,11,2017-11
San Francisco,CA,2,1260387.0,2017,12,2017-12
Berkeley,CA,2,1028450.0,2017,12,2017-12
Mountain View,CA,2,1147774.0,2017,12,2017-12
Palo Alto,CA,2,2038609.0,2017,12,2017-12
Foster City,CA,2,1106255.0,2017,12,2017-12
San Francisco,CA,2,1267733.0,2018,01,2018-01
Berkeley,CA,2,1044101.0,2018,01,2018-01
Mountain View,CA,2,1172089.0,2018,01,2018-01
Palo Alto,CA,2,2089716.0,2018,01,2018-01
Foster City,CA,2,1123400.0,2018,01,2018-01
San Francisco,CA,2,1280067.0,2018,02,2018-02
Berkeley,CA,2,1055874.0,2018,02,2018-02
Mountain View,CA,2,1196545.0,2018,02,2018-02
Palo Alto,CA,2,2139118.0,2018,02,2018-02
Foster City,CA,2,1131710.0,2018,02,2018-02
San Francisco,CA,2,1301887.0,2018,03,2018-03
Berkeley,CA,2,1064602.0,2018,03,2018-03
Mountain View,CA,2,1221387.0,2018,03,2018-03
Palo Alto,CA,2,2182488.0,2018,03,2018-03
Foster City,CA,2,1147912.0,2018,03,2018-03
San Francisco,CA,2,1321876.0,2018,04,2018-04
Berkeley,CA,2,1075432.0,2018,04,2018-04
Mountain View,CA,2,1240089.0,2018,04,2018-04
Palo Alto,CA,2,2202068.0,2018,04,2018-04
Foster City,CA,2,1166072.0,2018,04,2018-04
San Francisco,CA,2,1332236.0,2018,05,2018-05
Berkeley,CA,2,1088455.0,2018,05,2018-05
Mountain View,CA,2,1264901.0,2018,05,2018-05
Palo Alto,CA,2,2221485.0,2018,05,2018-05
Foster City,CA,2,1189280.0,2018,05,2018-05
San Francisco,CA,2,1346194.0,2018,06,2018-06
Berkeley,CA,2,1092593.0,2018,06,2018-06
Mountain View,CA,2,1281446.0,2018,06,2018-06
Palo Alto,CA,2,2247487.0,2018,06,2018-06
Foster City,CA,2,1206077.0,2018,06,2018-06
San Francisco,CA,2,1354952.0,2018,07,2018-07
Berkeley,CA,2,1084311.0,2018,07,2018-07
Mountain View,CA,2,1298569.0,2018,07,2018-07
Palo Alto,CA,2,2293956.0,2018,07,2018-07
Foster City,CA,2,1218133.0,2018,07,2018-07
San Francisco,CA,2,1364802.0,2018,08,2018-08
Berkeley,CA,2,1073223.0,2018,08,2018-08
Mountain View,CA,2,1291007.0,2018,08,2018-08
Palo Alto,CA,2,2298733.0,2018,08,2018-08
Foster City,CA,2,1230171.0,2018,08,2018-08
San Francisco,CA,2,1363255.0,2018,09,2018-09
Berkeley,CA,2,1062513.0,2018,09,2018-09
Mountain View,CA,2,1276395.0,2018,09,2018-09
Palo Alto,CA,2,2277033.0,2018,09,2018-09
Foster City,CA,2,1236947.0,2018,09,2018-09
San Francisco,CA,2,1364140.0,2018,10,2018-10
Berkeley,CA,2,1063447.0,2018,10,2018-10
Mountain View,CA,2,1255662.0,2018,10,2018-10
Palo Alto,CA,2,2231657.0,2018,10,2018-10
Foster City,CA,2,1237065.0,2018,10,2018-10
San Francisco,CA,2,1358550.0,2018,11,2018-11
Berkeley,CA,2,1063872.0,2018,11,2018-11
Mountain View,CA,2,1239303.0,2018,11,2018-11
Palo Alto,CA,2,2197759.0,2018,11,2018-11
Foster City,CA,2,1227567.0,2018,11,2018-11
San Francisco,CA,2,1351024.0,2018,12,2018-12
Berkeley,CA,2,1059682.0,2018,12,2018-12
Mountain View,CA,2,1216318.0,2018,12,2018-12
Palo Alto,CA,2,2151809.0,2018,12,2018-12
Foster City,CA,2,1211589.0,2018,12,2018-12
San Francisco,CA,2,1349430.0,2019,01,2019-01
Berkeley,CA,2,1050876.0,2019,01,2019-01
Mountain View,CA,2,1192109.0,2019,01,2019-01
Palo Alto,CA,2,2107408.0,2019,01,2019-01
Foster City,CA,2,1194911.0,2019,01,2019-01
San Francisco,CA,2,1347187.0,2019,02,2019-02
Berkeley,CA,2,1045085.0,2019,02,2019-02
Mountain View,CA,2,1169088.0,2019,02,2019-02
Palo Alto,CA,2,2075007.0,2019,02,2019-02
Foster City,CA,2,1186220.0,2019,02,2019-02
San Francisco,CA,2,1342991.0,2019,03,2019-03
Berkeley,CA,2,1041460.0,2019,03,2019-03
Mountain View,CA,2,1150900.0,2019,03,2019-03
Palo Alto,CA,2,2052302.0,2019,03,2019-03
Foster City,CA,2,1175236.0,2019,03,2019-03
San Francisco,CA,2,1335013.0,2019,04,2019-04
Berkeley,CA,2,1043814.0,2019,04,2019-04
Mountain View,CA,2,1144379.0,2019,04,2019-04
Palo Alto,CA,2,2050301.0,2019,04,2019-04
Foster City,CA,2,1175448.0,2019,04,2019-04
San Francisco,CA,2,1340277.0,2019,05,2019-05
Berkeley,CA,2,1047494.0,2019,05,2019-05
Mountain View,CA,2,1137783.0,2019,05,2019-05
Palo Alto,CA,2,2045190.0,2019,05,2019-05
Foster City,CA,2,1178423.0,2019,05,2019-05
San Francisco,CA,2,1344686.0,2019,06,2019-06
Berkeley,CA,2,1057100.0,2019,06,2019-06
Mountain View,CA,2,1133412.0,2019,06,2019-06
Palo Alto,CA,2,2034026.0,2019,06,2019-06
Foster City,CA,2,1182879.0,2019,06,2019-06
San Francisco,CA,2,1352190.0,2019,07,2019-07
Berkeley,CA,2,1061114.0,2019,07,2019-07
Mountain View,CA,2,1123612.0,2019,07,2019-07
Palo Alto,CA,2,2001041.0,2019,07,2019-07
Foster City,CA,2,1178415.0,2019,07,2019-07
San Francisco,CA,2,1349538.0,2019,08,2019-08
Berkeley,CA,2,1064159.0,2019,08,2019-08
Mountain View,CA,2,1116945.0,2019,08,2019-08
Palo Alto,CA,2,1978146.0,2019,08,2019-08
Foster City,CA,2,1163901.0,2019,08,2019-08
San Francisco,CA,2,1350944.0,2019,09,2019-09
Berkeley,CA,2,1067876.0,2019,09,2019-09
Mountain View,CA,2,1118819.0,2019,09,2019-09
Palo Alto,CA,2,1972787.0,2019,09,2019-09
Foster City,CA,2,1159092.0,2019,09,2019-09
San Francisco,CA,2,1359698.0,2019,10,2019-10
Berkeley,CA,2,1069467.0,2019,10,2019-10
Mountain View,CA,2,1119410.0,2019,10,2019-10
Palo Alto,CA,2,1975710.0,2019,10,2019-10
Foster City,CA,2,1150738.0,2019,10,2019-10
San Francisco,CA,2,1369550.0,2019,11,2019-11
Berkeley,CA,2,1070065.0,2019,11,2019-11
Mountain View,CA,2,1123831.0,2019,11,2019-11
Palo Alto,CA,2,1981693.0,2019,11,2019-11
Foster City,CA,2,1149717.0,2019,11,2019-11
San Francisco,CA,2,1383190.0,2019,12,2019-12
Berkeley,CA,2,1076362.0,2019,12,2019-12
Mountain View,CA,2,1128432.0,2019,12,2019-12
Palo Alto,CA,2,1989684.0,2019,12,2019-12
Foster City,CA,2,1147153.0,2019,12,2019-12
San Francisco,CA,2,1383700.0,2020,01,2020-01
Berkeley,CA,2,1086978.0,2020,01,2020-01
Mountain View,CA,2,1141752.0,2020,01,2020-01
Palo Alto,CA,2,2013775.0,2020,01,2020-01
Foster City,CA,2,1155937.0,2020,01,2020-01
San Francisco,CA,2,1386421.0,2020,02,2020-02
Berkeley,CA,2,1091689.0,2020,02,2020-02
Mountain View,CA,2,1157383.0,2020,02,2020-02
Palo Alto,CA,2,2033564.0,2020,02,2020-02
Foster City,CA,2,1159953.0,2020,02,2020-02
San Francisco,CA,2,1383807.0,2020,03,2020-03
Berkeley,CA,2,1092788.0,2020,03,2020-03
Mountain View,CA,2,1173552.0,2020,03,2020-03
Palo Alto,CA,2,2059817.0,2020,03,2020-03
Foster City,CA,2,1169373.0,2020,03,2020-03
San Francisco,CA,2,1385166.0,2020,04,2020-04
Berkeley,CA,2,1088805.0,2020,04,2020-04
Mountain View,CA,2,1180503.0,2020,04,2020-04
Palo Alto,CA,2,2068009.0,2020,04,2020-04
Foster City,CA,2,1165835.0,2020,04,2020-04
San Francisco,CA,2,1378791.0,2020,05,2020-05
Berkeley,CA,2,1087623.0,2020,05,2020-05
Mountain View,CA,2,1182285.0,2020,05,2020-05
Palo Alto,CA,2,2074386.0,2020,05,2020-05
Foster City,CA,2,1156748.0,2020,05,2020-05
San Francisco,CA,2,1370842.0,2020,06,2020-06
Berkeley,CA,2,1086051.0,2020,06,2020-06
Mountain View,CA,2,1184078.0,2020,06,2020-06
Palo Alto,CA,2,2080901.0,2020,06,2020-06
Foster City,CA,2,1149079.0,2020,06,2020-06
San Francisco,CA,2,1362489.0,2020,07,2020-07
Berkeley,CA,2,1092999.0,2020,07,2020-07
Mountain View,CA,2,1188937.0,2020,07,2020-07
Palo Alto,CA,2,2096794.0,2020,07,2020-07
Foster City,CA,2,1149481.0,2020,07,2020-07
San Francisco,CA,2,1360845.0,2020,08,2020-08
Berkeley,CA,2,1103954.0,2020,08,2020-08
Mountain View,CA,2,1199922.0,2020,08,2020-08
Palo Alto,CA,2,2118248.0,2020,08,2020-08
Foster City,CA,2,1157711.0,2020,08,2020-08
San Francisco,CA,2,1360915.0,2020,09,2020-09
Berkeley,CA,2,1115198.0,2020,09,2020-09
Mountain View,CA,2,1205217.0,2020,09,2020-09
Palo Alto,CA,2,2131420.0,2020,09,2020-09
Foster City,CA,2,1159479.0,2020,09,2020-09
San Francisco,CA,2,1354052.0,2020,10,2020-10
Berkeley,CA,2,1126049.0,2020,10,2020-10
Mountain View,CA,2,1212961.0,2020,10,2020-10
Palo Alto,CA,2,2142125.0,2020,10,2020-10
Foster City,CA,2,1165697.0,2020,10,2020-10
San Francisco,CA,2,1348004.0,2020,11,2020-11
Berkeley,CA,2,1137841.0,2020,11,2020-11
Mountain View,CA,2,1214761.0,2020,11,2020-11
Palo Alto,CA,2,2143035.0,2020,11,2020-11
Foster City,CA,2,1168246.0,2020,11,2020-11
San Francisco,CA,2,1339200.0,2020,12,2020-12
Berkeley,CA,2,1148947.0,2020,12,2020-12
Mountain View,CA,2,1218154.0,2020,12,2020-12
Palo Alto,CA,2,2146180.0,2020,12,2020-12
Foster City,CA,2,1175324.0,2020,12,2020-12
San Francisco,CA,3,1218925.0,2015,01,2015-01
Berkeley,CA,3,944090.0,2015,01,2015-01
Mountain View,CA,3,1320171.0,2015,01,2015-01
Palo Alto,CA,3,2026058.0,2015,01,2015-01
Foster City,CA,3,1113446.0,2015,01,2015-01
San Francisco,CA,3,1227707.0,2015,02,2015-02
Berkeley,CA,3,952449.0,2015,02,2015-02
Mountain View,CA,3,1330088.0,2015,02,2015-02
Palo Alto,CA,3,2028771.0,2015,02,2015-02
Foster City,CA,3,1125375.0,2015,02,2015-02
San Francisco,CA,3,1244390.0,2015,03,2015-03
Berkeley,CA,3,970991.0,2015,03,2015-03
Mountain View,CA,3,1353919.0,2015,03,2015-03
Palo Alto,CA,3,2058413.0,2015,03,2015-03
Foster City,CA,3,1147016.0,2015,03,2015-03
San Francisco,CA,3,1265510.0,2015,04,2015-04
Berkeley,CA,3,987607.0,2015,04,2015-04
Mountain View,CA,3,1374109.0,2015,04,2015-04
Palo Alto,CA,3,2089415.0,2015,04,2015-04
Foster City,CA,3,1166160.0,2015,04,2015-04
San Francisco,CA,3,1273986.0,2015,05,2015-05
Berkeley,CA,3,1003109.0,2015,05,2015-05
Mountain View,CA,3,1394823.0,2015,05,2015-05
Palo Alto,CA,3,2144337.0,2015,05,2015-05
Foster City,CA,3,1190446.0,2015,05,2015-05
San Francisco,CA,3,1291696.0,2015,06,2015-06
Berkeley,CA,3,1016035.0,2015,06,2015-06
Mountain View,CA,3,1402695.0,2015,06,2015-06
Palo Alto,CA,3,2170034.0,2015,06,2015-06
Foster City,CA,3,1206743.0,2015,06,2015-06
San Francisco,CA,3,1315383.0,2015,07,2015-07
Berkeley,CA,3,1033968.0,2015,07,2015-07
Mountain View,CA,3,1411792.0,2015,07,2015-07
Palo Alto,CA,3,2193329.0,2015,07,2015-07
Foster City,CA,3,1232362.0,2015,07,2015-07
San Francisco,CA,3,1342519.0,2015,08,2015-08
Berkeley,CA,3,1052389.0,2015,08,2015-08
Mountain View,CA,3,1422626.0,2015,08,2015-08
Palo Alto,CA,3,2204105.0,2015,08,2015-08
Foster City,CA,3,1257344.0,2015,08,2015-08
San Francisco,CA,3,1365088.0,2015,09,2015-09
Berkeley,CA,3,1070946.0,2015,09,2015-09
Mountain View,CA,3,1433192.0,2015,09,2015-09
Palo Alto,CA,3,2221038.0,2015,09,2015-09
Foster City,CA,3,1276095.0,2015,09,2015-09
San Francisco,CA,3,1380998.0,2015,10,2015-10
Berkeley,CA,3,1080612.0,2015,10,2015-10
Mountain View,CA,3,1440175.0,2015,10,2015-10
Palo Alto,CA,3,2220335.0,2015,10,2015-10
Foster City,CA,3,1289511.0,2015,10,2015-10
San Francisco,CA,3,1384960.0,2015,11,2015-11
Berkeley,CA,3,1084815.0,2015,11,2015-11
Mountain View,CA,3,1440889.0,2015,11,2015-11
Palo Alto,CA,3,2208541.0,2015,11,2015-11
Foster City,CA,3,1298636.0,2015,11,2015-11
San Francisco,CA,3,1395781.0,2015,12,2015-12
Berkeley,CA,3,1094790.0,2015,12,2015-12
Mountain View,CA,3,1443986.0,2015,12,2015-12
Palo Alto,CA,3,2200599.0,2015,12,2015-12
Foster City,CA,3,1304682.0,2015,12,2015-12
San Francisco,CA,3,1414813.0,2016,01,2016-01
Berkeley,CA,3,1106373.0,2016,01,2016-01
Mountain View,CA,3,1452277.0,2016,01,2016-01
Palo Alto,CA,3,2220837.0,2016,01,2016-01
Foster City,CA,3,1323229.0,2016,01,2016-01
San Francisco,CA,3,1424122.0,2016,02,2016-02
Berkeley,CA,3,1122034.0,2016,02,2016-02
Mountain View,CA,3,1456873.0,2016,02,2016-02
Palo Alto,CA,3,2229803.0,2016,02,2016-02
Foster City,CA,3,1333586.0,2016,02,2016-02
San Francisco,CA,3,1420982.0,2016,03,2016-03
Berkeley,CA,3,1122701.0,2016,03,2016-03
Mountain View,CA,3,1459707.0,2016,03,2016-03
Palo Alto,CA,3,2232003.0,2016,03,2016-03
Foster City,CA,3,1337665.0,2016,03,2016-03
San Francisco,CA,3,1404329.0,2016,04,2016-04
Berkeley,CA,3,1127968.0,2016,04,2016-04
Mountain View,CA,3,1466034.0,2016,04,2016-04
Palo Alto,CA,3,2238889.0,2016,04,2016-04
Foster City,CA,3,1339008.0,2016,04,2016-04
San Francisco,CA,3,1405159.0,2016,05,2016-05
Berkeley,CA,3,1133799.0,2016,05,2016-05
Mountain View,CA,3,1462676.0,2016,05,2016-05
Palo Alto,CA,3,2221598.0,2016,05,2016-05
Foster City,CA,3,1332970.0,2016,05,2016-05
San Francisco,CA,3,1399034.0,2016,06,2016-06
Berkeley,CA,3,1141366.0,2016,06,2016-06
Mountain View,CA,3,1464288.0,2016,06,2016-06
Palo Alto,CA,3,2220056.0,2016,06,2016-06
Foster City,CA,3,1335245.0,2016,06,2016-06
San Francisco,CA,3,1387435.0,2016,07,2016-07
Berkeley,CA,3,1138831.0,2016,07,2016-07
Mountain View,CA,3,1452969.0,2016,07,2016-07
Palo Alto,CA,3,2221220.0,2016,07,2016-07
Foster City,CA,3,1322545.0,2016,07,2016-07
San Francisco,CA,3,1375544.0,2016,08,2016-08
Berkeley,CA,3,1136074.0,2016,08,2016-08
Mountain View,CA,3,1456570.0,2016,08,2016-08
Palo Alto,CA,3,2246175.0,2016,08,2016-08
Foster City,CA,3,1314628.0,2016,08,2016-08
San Francisco,CA,3,1375085.0,2016,09,2016-09
Berkeley,CA,3,1132262.0,2016,09,2016-09
Mountain View,CA,3,1454175.0,2016,09,2016-09
Palo Alto,CA,3,2253843.0,2016,09,2016-09
Foster City,CA,3,1312399.0,2016,09,2016-09
San Francisco,CA,3,1383922.0,2016,10,2016-10
Berkeley,CA,3,1143804.0,2016,10,2016-10
Mountain View,CA,3,1466383.0,2016,10,2016-10
Palo Alto,CA,3,2267579.0,2016,10,2016-10
Foster City,CA,3,1321455.0,2016,10,2016-10
San Francisco,CA,3,1397677.0,2016,11,2016-11
Berkeley,CA,3,1155907.0,2016,11,2016-11
Mountain View,CA,3,1474632.0,2016,11,2016-11
Palo Alto,CA,3,2282441.0,2016,11,2016-11
Foster City,CA,3,1327454.0,2016,11,2016-11
San Francisco,CA,3,1405205.0,2016,12,2016-12
Berkeley,CA,3,1165482.0,2016,12,2016-12
Mountain View,CA,3,1483190.0,2016,12,2016-12
Palo Alto,CA,3,2302526.0,2016,12,2016-12
Foster City,CA,3,1340454.0,2016,12,2016-12
San Francisco,CA,3,1406602.0,2017,01,2017-01
Berkeley,CA,3,1167448.0,2017,01,2017-01
Mountain View,CA,3,1486889.0,2017,01,2017-01
Palo Alto,CA,3,2311209.0,2017,01,2017-01
Foster City,CA,3,1345109.0,2017,01,2017-01
San Francisco,CA,3,1402658.0,2017,02,2017-02
Berkeley,CA,3,1168944.0,2017,02,2017-02
Mountain View,CA,3,1494193.0,2017,02,2017-02
Palo Alto,CA,3,2326702.0,2017,02,2017-02
Foster City,CA,3,1357336.0,2017,02,2017-02
San Francisco,CA,3,1400677.0,2017,03,2017-03
Berkeley,CA,3,1178855.0,2017,03,2017-03
Mountain View,CA,3,1498412.0,2017,03,2017-03
Palo Alto,CA,3,2336720.0,2017,03,2017-03
Foster City,CA,3,1357098.0,2017,03,2017-03
San Francisco,CA,3,1410155.0,2017,04,2017-04
Berkeley,CA,3,1185956.0,2017,04,2017-04
Mountain View,CA,3,1507195.0,2017,04,2017-04
Palo Alto,CA,3,2354122.0,2017,04,2017-04
Foster City,CA,3,1362960.0,2017,04,2017-04
San Francisco,CA,3,1424362.0,2017,05,2017-05
Berkeley,CA,3,1192196.0,2017,05,2017-05
Mountain View,CA,3,1518986.0,2017,05,2017-05
Palo Alto,CA,3,2370081.0,2017,05,2017-05
Foster City,CA,3,1372484.0,2017,05,2017-05
San Francisco,CA,3,1439490.0,2017,06,2017-06
Berkeley,CA,3,1204413.0,2017,06,2017-06
Mountain View,CA,3,1540357.0,2017,06,2017-06
Palo Alto,CA,3,2394306.0,2017,06,2017-06
Foster City,CA,3,1385776.0,2017,06,2017-06
San Francisco,CA,3,1456628.0,2017,07,2017-07
Berkeley,CA,3,1214818.0,2017,07,2017-07
Mountain View,CA,3,1569948.0,2017,07,2017-07
Palo Alto,CA,3,2407146.0,2017,07,2017-07
Foster City,CA,3,1402008.0,2017,07,2017-07
San Francisco,CA,3,1475390.0,2017,08,2017-08
Berkeley,CA,3,1221884.0,2017,08,2017-08
Mountain View,CA,3,1605884.0,2017,08,2017-08
Palo Alto,CA,3,2425371.0,2017,08,2017-08
Foster City,CA,3,1413167.0,2017,08,2017-08
San Francisco,CA,3,1492403.0,2017,09,2017-09
Berkeley,CA,3,1230795.0,2017,09,2017-09
Mountain View,CA,3,1651338.0,2017,09,2017-09
Palo Alto,CA,3,2458369.0,2017,09,2017-09
Foster City,CA,3,1427353.0,2017,09,2017-09
San Francisco,CA,3,1501938.0,2017,10,2017-10
Berkeley,CA,3,1237242.0,2017,10,2017-10
Mountain View,CA,3,1690866.0,2017,10,2017-10
Palo Alto,CA,3,2503443.0,2017,10,2017-10
Foster City,CA,3,1446577.0,2017,10,2017-10
San Francisco,CA,3,1512577.0,2017,11,2017-11
Berkeley,CA,3,1250527.0,2017,11,2017-11
Mountain View,CA,3,1730210.0,2017,11,2017-11
Palo Alto,CA,3,2556716.0,2017,11,2017-11
Foster City,CA,3,1478364.0,2017,11,2017-11
San Francisco,CA,3,1522835.0,2017,12,2017-12
Berkeley,CA,3,1263815.0,2017,12,2017-12
Mountain View,CA,3,1769924.0,2017,12,2017-12
Palo Alto,CA,3,2612468.0,2017,12,2017-12
Foster City,CA,3,1506294.0,2017,12,2017-12
San Francisco,CA,3,1533737.0,2018,01,2018-01
Berkeley,CA,3,1283271.0,2018,01,2018-01
Mountain View,CA,3,1810512.0,2018,01,2018-01
Palo Alto,CA,3,2671004.0,2018,01,2018-01
Foster City,CA,3,1531603.0,2018,01,2018-01
San Francisco,CA,3,1548521.0,2018,02,2018-02
Berkeley,CA,3,1295266.0,2018,02,2018-02
Mountain View,CA,3,1850171.0,2018,02,2018-02
Palo Alto,CA,3,2730651.0,2018,02,2018-02
Foster City,CA,3,1543240.0,2018,02,2018-02
San Francisco,CA,3,1574858.0,2018,03,2018-03
Berkeley,CA,3,1305110.0,2018,03,2018-03
Mountain View,CA,3,1887181.0,2018,03,2018-03
Palo Alto,CA,3,2782756.0,2018,03,2018-03
Foster City,CA,3,1564356.0,2018,03,2018-03
San Francisco,CA,3,1598964.0,2018,04,2018-04
Berkeley,CA,3,1317888.0,2018,04,2018-04
Mountain View,CA,3,1913395.0,2018,04,2018-04
Palo Alto,CA,3,2808814.0,2018,04,2018-04
Foster City,CA,3,1585592.0,2018,04,2018-04
San Francisco,CA,3,1612258.0,2018,05,2018-05
Berkeley,CA,3,1335405.0,2018,05,2018-05
Mountain View,CA,3,1948635.0,2018,05,2018-05
Palo Alto,CA,3,2842683.0,2018,05,2018-05
Foster City,CA,3,1609080.0,2018,05,2018-05
San Francisco,CA,3,1629295.0,2018,06,2018-06
Berkeley,CA,3,1341285.0,2018,06,2018-06
Mountain View,CA,3,1973436.0,2018,06,2018-06
Palo Alto,CA,3,2868329.0,2018,06,2018-06
Foster City,CA,3,1621807.0,2018,06,2018-06
San Francisco,CA,3,1637696.0,2018,07,2018-07
Berkeley,CA,3,1349330.0,2018,07,2018-07
Mountain View,CA,3,1998058.0,2018,07,2018-07
Palo Alto,CA,3,2905340.0,2018,07,2018-07
Foster City,CA,3,1629297.0,2018,07,2018-07
San Francisco,CA,3,1645642.0,2018,08,2018-08
Berkeley,CA,3,1356311.0,2018,08,2018-08
Mountain View,CA,3,1980106.0,2018,08,2018-08
Palo Alto,CA,3,2911122.0,2018,08,2018-08
Foster City,CA,3,1639937.0,2018,08,2018-08
San Francisco,CA,3,1640384.0,2018,09,2018-09
Berkeley,CA,3,1364247.0,2018,09,2018-09
Mountain View,CA,3,1948232.0,2018,09,2018-09
Palo Alto,CA,3,2897852.0,2018,09,2018-09
Foster City,CA,3,1644938.0,2018,09,2018-09
San Francisco,CA,3,1642647.0,2018,10,2018-10
Berkeley,CA,3,1367055.0,2018,10,2018-10
Mountain View,CA,3,1910685.0,2018,10,2018-10
Palo Alto,CA,3,2873449.0,2018,10,2018-10
Foster City,CA,3,1636081.0,2018,10,2018-10
San Francisco,CA,3,1636655.0,2018,11,2018-11
Berkeley,CA,3,1363029.0,2018,11,2018-11
Mountain View,CA,3,1886116.0,2018,11,2018-11
Palo Alto,CA,3,2834784.0,2018,11,2018-11
Foster City,CA,3,1611016.0,2018,11,2018-11
San Francisco,CA,3,1627144.0,2018,12,2018-12
Berkeley,CA,3,1352311.0,2018,12,2018-12
Mountain View,CA,3,1857992.0,2018,12,2018-12
Palo Alto,CA,3,2785632.0,2018,12,2018-12
Foster City,CA,3,1581140.0,2018,12,2018-12
San Francisco,CA,3,1623867.0,2019,01,2019-01
Berkeley,CA,3,1340366.0,2019,01,2019-01
Mountain View,CA,3,1826709.0,2019,01,2019-01
Palo Alto,CA,3,2729792.0,2019,01,2019-01
Foster City,CA,3,1557602.0,2019,01,2019-01
San Francisco,CA,3,1621503.0,2019,02,2019-02
Berkeley,CA,3,1336642.0,2019,02,2019-02
Mountain View,CA,3,1798682.0,2019,02,2019-02
Palo Alto,CA,3,2683668.0,2019,02,2019-02
Foster City,CA,3,1547971.0,2019,02,2019-02
San Francisco,CA,3,1617178.0,2019,03,2019-03
Berkeley,CA,3,1333338.0,2019,03,2019-03
Mountain View,CA,3,1775704.0,2019,03,2019-03
Palo Alto,CA,3,2648507.0,2019,03,2019-03
Foster City,CA,3,1533166.0,2019,03,2019-03
San Francisco,CA,3,1606580.0,2019,04,2019-04
Berkeley,CA,3,1333907.0,2019,04,2019-04
Mountain View,CA,3,1769147.0,2019,04,2019-04
Palo Alto,CA,3,2646604.0,2019,04,2019-04
Foster City,CA,3,1527100.0,2019,04,2019-04
San Francisco,CA,3,1611655.0,2019,05,2019-05
Berkeley,CA,3,1340664.0,2019,05,2019-05
Mountain View,CA,3,1760488.0,2019,05,2019-05
Palo Alto,CA,3,2646123.0,2019,05,2019-05
Foster City,CA,3,1529432.0,2019,05,2019-05
San Francisco,CA,3,1616613.0,2019,06,2019-06
Berkeley,CA,3,1356864.0,2019,06,2019-06
Mountain View,CA,3,1749790.0,2019,06,2019-06
Palo Alto,CA,3,2638786.0,2019,06,2019-06
Foster City,CA,3,1531818.0,2019,06,2019-06
San Francisco,CA,3,1624247.0,2019,07,2019-07
Berkeley,CA,3,1368452.0,2019,07,2019-07
Mountain View,CA,3,1729707.0,2019,07,2019-07
Palo Alto,CA,3,2608022.0,2019,07,2019-07
Foster City,CA,3,1531432.0,2019,07,2019-07
San Francisco,CA,3,1618483.0,2019,08,2019-08
Berkeley,CA,3,1372829.0,2019,08,2019-08
Mountain View,CA,3,1716002.0,2019,08,2019-08
Palo Alto,CA,3,2576151.0,2019,08,2019-08
Foster City,CA,3,1514078.0,2019,08,2019-08
San Francisco,CA,3,1616001.0,2019,09,2019-09
Berkeley,CA,3,1377791.0,2019,09,2019-09
Mountain View,CA,3,1714913.0,2019,09,2019-09
Palo Alto,CA,3,2573159.0,2019,09,2019-09
Foster City,CA,3,1513675.0,2019,09,2019-09
San Francisco,CA,3,1625160.0,2019,10,2019-10
Berkeley,CA,3,1381806.0,2019,10,2019-10
Mountain View,CA,3,1713457.0,2019,10,2019-10
Palo Alto,CA,3,2572091.0,2019,10,2019-10
Foster City,CA,3,1506094.0,2019,10,2019-10
San Francisco,CA,3,1636790.0,2019,11,2019-11
Berkeley,CA,3,1387364.0,2019,11,2019-11
Mountain View,CA,3,1717356.0,2019,11,2019-11
Palo Alto,CA,3,2591236.0,2019,11,2019-11
Foster City,CA,3,1510269.0,2019,11,2019-11
San Francisco,CA,3,1654939.0,2019,12,2019-12
Berkeley,CA,3,1399771.0,2019,12,2019-12
Mountain View,CA,3,1724986.0,2019,12,2019-12
Palo Alto,CA,3,2606810.0,2019,12,2019-12
Foster City,CA,3,1510723.0,2019,12,2019-12
San Francisco,CA,3,1656698.0,2020,01,2020-01
Berkeley,CA,3,1418988.0,2020,01,2020-01
Mountain View,CA,3,1746597.0,2020,01,2020-01
Palo Alto,CA,3,2645716.0,2020,01,2020-01
Foster City,CA,3,1523179.0,2020,01,2020-01
San Francisco,CA,3,1660236.0,2020,02,2020-02
Berkeley,CA,3,1425972.0,2020,02,2020-02
Mountain View,CA,3,1767732.0,2020,02,2020-02
Palo Alto,CA,3,2682230.0,2020,02,2020-02
Foster City,CA,3,1527337.0,2020,02,2020-02
San Francisco,CA,3,1657351.0,2020,03,2020-03
Berkeley,CA,3,1429233.0,2020,03,2020-03
Mountain View,CA,3,1789288.0,2020,03,2020-03
Palo Alto,CA,3,2724310.0,2020,03,2020-03
Foster City,CA,3,1538459.0,2020,03,2020-03
San Francisco,CA,3,1659080.0,2020,04,2020-04
Berkeley,CA,3,1424166.0,2020,04,2020-04
Mountain View,CA,3,1798579.0,2020,04,2020-04
Palo Alto,CA,3,2743805.0,2020,04,2020-04
Foster City,CA,3,1537867.0,2020,04,2020-04
San Francisco,CA,3,1652956.0,2020,05,2020-05
Berkeley,CA,3,1421746.0,2020,05,2020-05
Mountain View,CA,3,1803590.0,2020,05,2020-05
Palo Alto,CA,3,2755347.0,2020,05,2020-05
Foster City,CA,3,1529750.0,2020,05,2020-05
San Francisco,CA,3,1644618.0,2020,06,2020-06
Berkeley,CA,3,1417211.0,2020,06,2020-06
Mountain View,CA,3,1812466.0,2020,06,2020-06
Palo Alto,CA,3,2773263.0,2020,06,2020-06
Foster City,CA,3,1525739.0,2020,06,2020-06
San Francisco,CA,3,1637376.0,2020,07,2020-07
Berkeley,CA,3,1417347.0,2020,07,2020-07
Mountain View,CA,3,1826616.0,2020,07,2020-07
Palo Alto,CA,3,2805915.0,2020,07,2020-07
Foster City,CA,3,1526560.0,2020,07,2020-07
San Francisco,CA,3,1639919.0,2020,08,2020-08
Berkeley,CA,3,1426123.0,2020,08,2020-08
Mountain View,CA,3,1851548.0,2020,08,2020-08
Palo Alto,CA,3,2850506.0,2020,08,2020-08
Foster City,CA,3,1540071.0,2020,08,2020-08
San Francisco,CA,3,1645508.0,2020,09,2020-09
Berkeley,CA,3,1435132.0,2020,09,2020-09
Mountain View,CA,3,1870108.0,2020,09,2020-09
Palo Alto,CA,3,2876232.0,2020,09,2020-09
Foster City,CA,3,1543021.0,2020,09,2020-09
San Francisco,CA,3,1639123.0,2020,10,2020-10
Berkeley,CA,3,1448770.0,2020,10,2020-10
Mountain View,CA,3,1891681.0,2020,10,2020-10
Palo Alto,CA,3,2900931.0,2020,10,2020-10
Foster City,CA,3,1556232.0,2020,10,2020-10
San Francisco,CA,3,1633138.0,2020,11,2020-11
Berkeley,CA,3,1464237.0,2020,11,2020-11
Mountain View,CA,3,1902812.0,2020,11,2020-11
Palo Alto,CA,3,2911777.0,2020,11,2020-11
Foster City,CA,3,1565198.0,2020,11,2020-11
San Francisco,CA,3,1623151.0,2020,12,2020-12
Berkeley,CA,3,1479112.0,2020,12,2020-12
Mountain View,CA,3,1911931.0,2020,12,2020-12
Palo Alto,CA,3,2928821.0,2020,12,2020-12
Foster City,CA,3,1580061.0,2020,12,2020-12
San Francisco,CA,4,1481303.0,2015,01,2015-01
Berkeley,CA,4,1121163.0,2015,01,2015-01
Mountain View,CA,4,1629763.0,2015,01,2015-01
Palo Alto,CA,4,2397950.0,2015,01,2015-01
Foster City,CA,4,1355598.0,2015,01,2015-01
San Francisco,CA,4,1496430.0,2015,02,2015-02
Berkeley,CA,4,1131607.0,2015,02,2015-02
Mountain View,CA,4,1638830.0,2015,02,2015-02
Palo Alto,CA,4,2410866.0,2015,02,2015-02
Foster City,CA,4,1372593.0,2015,02,2015-02
San Francisco,CA,4,1520113.0,2015,03,2015-03
Berkeley,CA,4,1153546.0,2015,03,2015-03
Mountain View,CA,4,1667157.0,2015,03,2015-03
Palo Alto,CA,4,2438822.0,2015,03,2015-03
Foster City,CA,4,1395878.0,2015,03,2015-03
San Francisco,CA,4,1544263.0,2015,04,2015-04
Berkeley,CA,4,1173063.0,2015,04,2015-04
Mountain View,CA,4,1690425.0,2015,04,2015-04
Palo Alto,CA,4,2457577.0,2015,04,2015-04
Foster City,CA,4,1413978.0,2015,04,2015-04
San Francisco,CA,4,1551724.0,2015,05,2015-05
Berkeley,CA,4,1188762.0,2015,05,2015-05
Mountain View,CA,4,1734494.0,2015,05,2015-05
Palo Alto,CA,4,2473196.0,2015,05,2015-05
Foster City,CA,4,1438205.0,2015,05,2015-05
San Francisco,CA,4,1569840.0,2015,06,2015-06
Berkeley,CA,4,1201656.0,2015,06,2015-06
Mountain View,CA,4,1761289.0,2015,06,2015-06
Palo Alto,CA,4,2461213.0,2015,06,2015-06
Foster City,CA,4,1453816.0,2015,06,2015-06
San Francisco,CA,4,1595780.0,2015,07,2015-07
Berkeley,CA,4,1206917.0,2015,07,2015-07
Mountain View,CA,4,1791844.0,2015,07,2015-07
Palo Alto,CA,4,2451691.0,2015,07,2015-07
Foster City,CA,4,1483631.0,2015,07,2015-07
San Francisco,CA,4,1619382.0,2015,08,2015-08
Berkeley,CA,4,1213633.0,2015,08,2015-08
Mountain View,CA,4,1803963.0,2015,08,2015-08
Palo Alto,CA,4,2461544.0,2015,08,2015-08
Foster City,CA,4,1509078.0,2015,08,2015-08
San Francisco,CA,4,1636760.0,2015,09,2015-09
Berkeley,CA,4,1222948.0,2015,09,2015-09
Mountain View,CA,4,1817876.0,2015,09,2015-09
Palo Alto,CA,4,2477499.0,2015,09,2015-09
Foster City,CA,4,1531822.0,2015,09,2015-09
San Francisco,CA,4,1646661.0,2015,10,2015-10
Berkeley,CA,4,1234262.0,2015,10,2015-10
Mountain View,CA,4,1820737.0,2015,10,2015-10
Palo Alto,CA,4,2502199.0,2015,10,2015-10
Foster City,CA,4,1547404.0,2015,10,2015-10
San Francisco,CA,4,1650262.0,2015,11,2015-11
Berkeley,CA,4,1243012.0,2015,11,2015-11
Mountain View,CA,4,1820417.0,2015,11,2015-11
Palo Alto,CA,4,2510270.0,2015,11,2015-11
Foster City,CA,4,1563337.0,2015,11,2015-11
San Francisco,CA,4,1664389.0,2015,12,2015-12
Berkeley,CA,4,1253151.0,2015,12,2015-12
Mountain View,CA,4,1823409.0,2015,12,2015-12
Palo Alto,CA,4,2527264.0,2015,12,2015-12
Foster City,CA,4,1570396.0,2015,12,2015-12
San Francisco,CA,4,1684800.0,2016,01,2016-01
Berkeley,CA,4,1272944.0,2016,01,2016-01
Mountain View,CA,4,1838930.0,2016,01,2016-01
Palo Alto,CA,4,2546990.0,2016,01,2016-01
Foster City,CA,4,1592178.0,2016,01,2016-01
San Francisco,CA,4,1694614.0,2016,02,2016-02
Berkeley,CA,4,1293053.0,2016,02,2016-02
Mountain View,CA,4,1847129.0,2016,02,2016-02
Palo Alto,CA,4,2555716.0,2016,02,2016-02
Foster City,CA,4,1601954.0,2016,02,2016-02
San Francisco,CA,4,1689650.0,2016,03,2016-03
Berkeley,CA,4,1296710.0,2016,03,2016-03
Mountain View,CA,4,1855155.0,2016,03,2016-03
Palo Alto,CA,4,2557143.0,2016,03,2016-03
Foster City,CA,4,1607354.0,2016,03,2016-03
San Francisco,CA,4,1673860.0,2016,04,2016-04
Berkeley,CA,4,1303928.0,2016,04,2016-04
Mountain View,CA,4,1867335.0,2016,04,2016-04
Palo Alto,CA,4,2568831.0,2016,04,2016-04
Foster City,CA,4,1609991.0,2016,04,2016-04
San Francisco,CA,4,1677248.0,2016,05,2016-05
Berkeley,CA,4,1314049.0,2016,05,2016-05
Mountain View,CA,4,1862630.0,2016,05,2016-05
Palo Alto,CA,4,2566396.0,2016,05,2016-05
Foster City,CA,4,1603180.0,2016,05,2016-05
San Francisco,CA,4,1673232.0,2016,06,2016-06
Berkeley,CA,4,1327629.0,2016,06,2016-06
Mountain View,CA,4,1864858.0,2016,06,2016-06
Palo Alto,CA,4,2582598.0,2016,06,2016-06
Foster City,CA,4,1605760.0,2016,06,2016-06
San Francisco,CA,4,1661810.0,2016,07,2016-07
Berkeley,CA,4,1343111.0,2016,07,2016-07
Mountain View,CA,4,1849096.0,2016,07,2016-07
Palo Alto,CA,4,2600605.0,2016,07,2016-07
Foster City,CA,4,1587385.0,2016,07,2016-07
San Francisco,CA,4,1652189.0,2016,08,2016-08
Berkeley,CA,4,1357512.0,2016,08,2016-08
Mountain View,CA,4,1858140.0,2016,08,2016-08
Palo Alto,CA,4,2636465.0,2016,08,2016-08
Foster City,CA,4,1577423.0,2016,08,2016-08
San Francisco,CA,4,1655680.0,2016,09,2016-09
Berkeley,CA,4,1369313.0,2016,09,2016-09
Mountain View,CA,4,1855396.0,2016,09,2016-09
Palo Alto,CA,4,2654853.0,2016,09,2016-09
Foster City,CA,4,1574044.0,2016,09,2016-09
San Francisco,CA,4,1671790.0,2016,10,2016-10
Berkeley,CA,4,1386689.0,2016,10,2016-10
Mountain View,CA,4,1874554.0,2016,10,2016-10
Palo Alto,CA,4,2666652.0,2016,10,2016-10
Foster City,CA,4,1583592.0,2016,10,2016-10
San Francisco,CA,4,1692712.0,2016,11,2016-11
Berkeley,CA,4,1401747.0,2016,11,2016-11
Mountain View,CA,4,1882338.0,2016,11,2016-11
Palo Alto,CA,4,2678646.0,2016,11,2016-11
Foster City,CA,4,1586864.0,2016,11,2016-11
San Francisco,CA,4,1704155.0,2016,12,2016-12
Berkeley,CA,4,1419253.0,2016,12,2016-12
Mountain View,CA,4,1894968.0,2016,12,2016-12
Palo Alto,CA,4,2696063.0,2016,12,2016-12
Foster City,CA,4,1600836.0,2016,12,2016-12
San Francisco,CA,4,1707620.0,2017,01,2017-01
Berkeley,CA,4,1423808.0,2017,01,2017-01
Mountain View,CA,4,1899880.0,2017,01,2017-01
Palo Alto,CA,4,2713433.0,2017,01,2017-01
Foster City,CA,4,1607584.0,2017,01,2017-01
San Francisco,CA,4,1704559.0,2017,02,2017-02
Berkeley,CA,4,1431298.0,2017,02,2017-02
Mountain View,CA,4,1915652.0,2017,02,2017-02
Palo Alto,CA,4,2737820.0,2017,02,2017-02
Foster City,CA,4,1623041.0,2017,02,2017-02
San Francisco,CA,4,1704385.0,2017,03,2017-03
Berkeley,CA,4,1445516.0,2017,03,2017-03
Mountain View,CA,4,1925541.0,2017,03,2017-03
Palo Alto,CA,4,2754854.0,2017,03,2017-03
Foster City,CA,4,1627994.0,2017,03,2017-03
San Francisco,CA,4,1715871.0,2017,04,2017-04
Berkeley,CA,4,1455237.0,2017,04,2017-04
Mountain View,CA,4,1940346.0,2017,04,2017-04
Palo Alto,CA,4,2782195.0,2017,04,2017-04
Foster City,CA,4,1640745.0,2017,04,2017-04
San Francisco,CA,4,1733422.0,2017,05,2017-05
Berkeley,CA,4,1463906.0,2017,05,2017-05
Mountain View,CA,4,1953206.0,2017,05,2017-05
Palo Alto,CA,4,2813429.0,2017,05,2017-05
Foster City,CA,4,1655144.0,2017,05,2017-05
San Francisco,CA,4,1752007.0,2017,06,2017-06
Berkeley,CA,4,1476034.0,2017,06,2017-06
Mountain View,CA,4,1977139.0,2017,06,2017-06
Palo Alto,CA,4,2851574.0,2017,06,2017-06
Foster City,CA,4,1671789.0,2017,06,2017-06
San Francisco,CA,4,1772978.0,2017,07,2017-07
Berkeley,CA,4,1502815.0,2017,07,2017-07
Mountain View,CA,4,2000512.0,2017,07,2017-07
Palo Alto,CA,4,2873337.0,2017,07,2017-07
Foster City,CA,4,1695009.0,2017,07,2017-07
San Francisco,CA,4,1796261.0,2017,08,2017-08
Berkeley,CA,4,1526706.0,2017,08,2017-08
Mountain View,CA,4,2032590.0,2017,08,2017-08
Palo Alto,CA,4,2897258.0,2017,08,2017-08
Foster City,CA,4,1716125.0,2017,08,2017-08
San Francisco,CA,4,1820336.0,2017,09,2017-09
Berkeley,CA,4,1553352.0,2017,09,2017-09
Mountain View,CA,4,2075662.0,2017,09,2017-09
Palo Alto,CA,4,2944666.0,2017,09,2017-09
Foster City,CA,4,1739743.0,2017,09,2017-09
San Francisco,CA,4,1833218.0,2017,10,2017-10
Berkeley,CA,4,1563148.0,2017,10,2017-10
Mountain View,CA,4,2123630.0,2017,10,2017-10
Palo Alto,CA,4,3005843.0,2017,10,2017-10
Foster City,CA,4,1768993.0,2017,10,2017-10
San Francisco,CA,4,1847047.0,2017,11,2017-11
Berkeley,CA,4,1580683.0,2017,11,2017-11
Mountain View,CA,4,2179339.0,2017,11,2017-11
Palo Alto,CA,4,3075746.0,2017,11,2017-11
Foster City,CA,4,1812322.0,2017,11,2017-11
San Francisco,CA,4,1858819.0,2017,12,2017-12
Berkeley,CA,4,1599677.0,2017,12,2017-12
Mountain View,CA,4,2238253.0,2017,12,2017-12
Palo Alto,CA,4,3140228.0,2017,12,2017-12
Foster City,CA,4,1851665.0,2017,12,2017-12
San Francisco,CA,4,1871802.0,2018,01,2018-01
Berkeley,CA,4,1626053.0,2018,01,2018-01
Mountain View,CA,4,2295517.0,2018,01,2018-01
Palo Alto,CA,4,3211516.0,2018,01,2018-01
Foster City,CA,4,1884131.0,2018,01,2018-01
San Francisco,CA,4,1887438.0,2018,02,2018-02
Berkeley,CA,4,1642983.0,2018,02,2018-02
Mountain View,CA,4,2346882.0,2018,02,2018-02
Palo Alto,CA,4,3280030.0,2018,02,2018-02
Foster City,CA,4,1899175.0,2018,02,2018-02
San Francisco,CA,4,1918795.0,2018,03,2018-03
Berkeley,CA,4,1658755.0,2018,03,2018-03
Mountain View,CA,4,2389175.0,2018,03,2018-03
Palo Alto,CA,4,3339871.0,2018,03,2018-03
Foster City,CA,4,1920493.0,2018,03,2018-03
San Francisco,CA,4,1946267.0,2018,04,2018-04
Berkeley,CA,4,1677939.0,2018,04,2018-04
Mountain View,CA,4,2422331.0,2018,04,2018-04
Palo Alto,CA,4,3372446.0,2018,04,2018-04
Foster City,CA,4,1940821.0,2018,04,2018-04
San Francisco,CA,4,1961571.0,2018,05,2018-05
Berkeley,CA,4,1702455.0,2018,05,2018-05
Mountain View,CA,4,2463347.0,2018,05,2018-05
Palo Alto,CA,4,3424553.0,2018,05,2018-05
Foster City,CA,4,1969583.0,2018,05,2018-05
San Francisco,CA,4,1980664.0,2018,06,2018-06
Berkeley,CA,4,1714812.0,2018,06,2018-06
Mountain View,CA,4,2497725.0,2018,06,2018-06
Palo Alto,CA,4,3469356.0,2018,06,2018-06
Foster City,CA,4,1989769.0,2018,06,2018-06
San Francisco,CA,4,1992908.0,2018,07,2018-07
Berkeley,CA,4,1701018.0,2018,07,2018-07
Mountain View,CA,4,2536875.0,2018,07,2018-07
Palo Alto,CA,4,3518626.0,2018,07,2018-07
Foster City,CA,4,2002951.0,2018,07,2018-07
San Francisco,CA,4,2005010.0,2018,08,2018-08
Berkeley,CA,4,1684581.0,2018,08,2018-08
Mountain View,CA,4,2546604.0,2018,08,2018-08
Palo Alto,CA,4,3517695.0,2018,08,2018-08
Foster City,CA,4,2015128.0,2018,08,2018-08
San Francisco,CA,4,1997681.0,2018,09,2018-09
Berkeley,CA,4,1667998.0,2018,09,2018-09
Mountain View,CA,4,2539421.0,2018,09,2018-09
Palo Alto,CA,4,3485141.0,2018,09,2018-09
Foster City,CA,4,2016964.0,2018,09,2018-09
San Francisco,CA,4,1997175.0,2018,10,2018-10
Berkeley,CA,4,1669812.0,2018,10,2018-10
Mountain View,CA,4,2517077.0,2018,10,2018-10
Palo Alto,CA,4,3441808.0,2018,10,2018-10
Foster City,CA,4,2007133.0,2018,10,2018-10
San Francisco,CA,4,1986146.0,2018,11,2018-11
Berkeley,CA,4,1664344.0,2018,11,2018-11
Mountain View,CA,4,2487075.0,2018,11,2018-11
Palo Alto,CA,4,3392358.0,2018,11,2018-11
Foster City,CA,4,1977570.0,2018,11,2018-11
San Francisco,CA,4,1972519.0,2018,12,2018-12
Berkeley,CA,4,1649012.0,2018,12,2018-12
Mountain View,CA,4,2444047.0,2018,12,2018-12
Palo Alto,CA,4,3340939.0,2018,12,2018-12
Foster City,CA,4,1940020.0,2018,12,2018-12
San Francisco,CA,4,1971247.0,2019,01,2019-01
Berkeley,CA,4,1629876.0,2019,01,2019-01
Mountain View,CA,4,2397555.0,2019,01,2019-01
Palo Alto,CA,4,3278045.0,2019,01,2019-01
Foster City,CA,4,1908635.0,2019,01,2019-01
San Francisco,CA,4,1973387.0,2019,02,2019-02
Berkeley,CA,4,1623758.0,2019,02,2019-02
Mountain View,CA,4,2361241.0,2019,02,2019-02
Palo Alto,CA,4,3230572.0,2019,02,2019-02
Foster City,CA,4,1896030.0,2019,02,2019-02
San Francisco,CA,4,1973050.0,2019,03,2019-03
Berkeley,CA,4,1621767.0,2019,03,2019-03
Mountain View,CA,4,2337713.0,2019,03,2019-03
Palo Alto,CA,4,3196708.0,2019,03,2019-03
Foster City,CA,4,1880322.0,2019,03,2019-03
San Francisco,CA,4,1964928.0,2019,04,2019-04
Berkeley,CA,4,1628902.0,2019,04,2019-04
Mountain View,CA,4,2336854.0,2019,04,2019-04
Palo Alto,CA,4,3203489.0,2019,04,2019-04
Foster City,CA,4,1873828.0,2019,04,2019-04
San Francisco,CA,4,1976054.0,2019,05,2019-05
Berkeley,CA,4,1644536.0,2019,05,2019-05
Mountain View,CA,4,2334172.0,2019,05,2019-05
Palo Alto,CA,4,3204006.0,2019,05,2019-05
Foster City,CA,4,1875316.0,2019,05,2019-05
San Francisco,CA,4,1986331.0,2019,06,2019-06
Berkeley,CA,4,1665940.0,2019,06,2019-06
Mountain View,CA,4,2323150.0,2019,06,2019-06
Palo Alto,CA,4,3195286.0,2019,06,2019-06
Foster City,CA,4,1874456.0,2019,06,2019-06
San Francisco,CA,4,1992243.0,2019,07,2019-07
Berkeley,CA,4,1685374.0,2019,07,2019-07
Mountain View,CA,4,2298617.0,2019,07,2019-07
Palo Alto,CA,4,3167290.0,2019,07,2019-07
Foster City,CA,4,1870846.0,2019,07,2019-07
San Francisco,CA,4,1980501.0,2019,08,2019-08
Berkeley,CA,4,1693250.0,2019,08,2019-08
Mountain View,CA,4,2269896.0,2019,08,2019-08
Palo Alto,CA,4,3136213.0,2019,08,2019-08
Foster City,CA,4,1844990.0,2019,08,2019-08
San Francisco,CA,4,1975726.0,2019,09,2019-09
Berkeley,CA,4,1704165.0,2019,09,2019-09
Mountain View,CA,4,2265602.0,2019,09,2019-09
Palo Alto,CA,4,3139218.0,2019,09,2019-09
Foster City,CA,4,1843507.0,2019,09,2019-09
San Francisco,CA,4,1990016.0,2019,10,2019-10
Berkeley,CA,4,1710868.0,2019,10,2019-10
Mountain View,CA,4,2262003.0,2019,10,2019-10
Palo Alto,CA,4,3141671.0,2019,10,2019-10
Foster City,CA,4,1833517.0,2019,10,2019-10
San Francisco,CA,4,2007954.0,2019,11,2019-11
Berkeley,CA,4,1716780.0,2019,11,2019-11
Mountain View,CA,4,2270143.0,2019,11,2019-11
Palo Alto,CA,4,3161848.0,2019,11,2019-11
Foster City,CA,4,1842058.0,2019,11,2019-11
San Francisco,CA,4,2034241.0,2019,12,2019-12
Berkeley,CA,4,1735974.0,2019,12,2019-12
Mountain View,CA,4,2282764.0,2019,12,2019-12
Palo Alto,CA,4,3177768.0,2019,12,2019-12
Foster City,CA,4,1846591.0,2019,12,2019-12
San Francisco,CA,4,2041084.0,2020,01,2020-01
Berkeley,CA,4,1763955.0,2020,01,2020-01
Mountain View,CA,4,2311962.0,2020,01,2020-01
Palo Alto,CA,4,3220172.0,2020,01,2020-01
Foster City,CA,4,1863712.0,2020,01,2020-01
San Francisco,CA,4,2045926.0,2020,02,2020-02
Berkeley,CA,4,1780810.0,2020,02,2020-02
Mountain View,CA,4,2349056.0,2020,02,2020-02
Palo Alto,CA,4,3264284.0,2020,02,2020-02
Foster City,CA,4,1872632.0,2020,02,2020-02
San Francisco,CA,4,2040310.0,2020,03,2020-03
Berkeley,CA,4,1786919.0,2020,03,2020-03
Mountain View,CA,4,2386917.0,2020,03,2020-03
Palo Alto,CA,4,3313285.0,2020,03,2020-03
Foster City,CA,4,1890042.0,2020,03,2020-03
San Francisco,CA,4,2039496.0,2020,04,2020-04
Berkeley,CA,4,1783744.0,2020,04,2020-04
Mountain View,CA,4,2406861.0,2020,04,2020-04
Palo Alto,CA,4,3333486.0,2020,04,2020-04
Foster City,CA,4,1896981.0,2020,04,2020-04
San Francisco,CA,4,2030527.0,2020,05,2020-05
Berkeley,CA,4,1779069.0,2020,05,2020-05
Mountain View,CA,4,2420004.0,2020,05,2020-05
Palo Alto,CA,4,3342345.0,2020,05,2020-05
Foster City,CA,4,1891915.0,2020,05,2020-05
San Francisco,CA,4,2019480.0,2020,06,2020-06
Berkeley,CA,4,1775891.0,2020,06,2020-06
Mountain View,CA,4,2440390.0,2020,06,2020-06
Palo Alto,CA,4,3359929.0,2020,06,2020-06
Foster City,CA,4,1892153.0,2020,06,2020-06
San Francisco,CA,4,2013651.0,2020,07,2020-07
Berkeley,CA,4,1785069.0,2020,07,2020-07
Mountain View,CA,4,2469599.0,2020,07,2020-07
Palo Alto,CA,4,3393685.0,2020,07,2020-07
Foster City,CA,4,1897358.0,2020,07,2020-07
San Francisco,CA,4,2020223.0,2020,08,2020-08
Berkeley,CA,4,1807421.0,2020,08,2020-08
Mountain View,CA,4,2512313.0,2020,08,2020-08
Palo Alto,CA,4,3451075.0,2020,08,2020-08
Foster City,CA,4,1920426.0,2020,08,2020-08
San Francisco,CA,4,2029066.0,2020,09,2020-09
Berkeley,CA,4,1828654.0,2020,09,2020-09
Mountain View,CA,4,2540452.0,2020,09,2020-09
Palo Alto,CA,4,3489664.0,2020,09,2020-09
Foster City,CA,4,1929279.0,2020,09,2020-09
San Francisco,CA,4,2020802.0,2020,10,2020-10
Berkeley,CA,4,1849449.0,2020,10,2020-10
Mountain View,CA,4,2572397.0,2020,10,2020-10
Palo Alto,CA,4,3529651.0,2020,10,2020-10
Foster City,CA,4,1948374.0,2020,10,2020-10
San Francisco,CA,4,2012811.0,2020,11,2020-11
Berkeley,CA,4,1874278.0,2020,11,2020-11
Mountain View,CA,4,2596292.0,2020,11,2020-11
Palo Alto,CA,4,3554724.0,2020,11,2020-11
Foster City,CA,4,1958996.0,2020,11,2020-11
San Francisco,CA,4,1999158.0,2020,12,2020-12
Berkeley,CA,4,1894594.0,2020,12,2020-12
Mountain View,CA,4,2621581.0,2020,12,2020-12
Palo Alto,CA,4,3584948.0,2020,12,2020-12
Foster City,CA,4,1977149.0,2020,12,2020-12
San Francisco,CA,5,1699469.0,2015,01,2015-01
Berkeley,CA,5,1296572.0,2015,01,2015-01
Mountain View,CA,5,2206274.0,2015,01,2015-01
Palo Alto,CA,5,3161548.0,2015,01,2015-01
Foster City,CA,5,1643981.0,2015,01,2015-01
San Francisco,CA,5,1730636.0,2015,02,2015-02
Berkeley,CA,5,1311864.0,2015,02,2015-02
Mountain View,CA,5,2222116.0,2015,02,2015-02
Palo Alto,CA,5,3173677.0,2015,02,2015-02
Foster City,CA,5,1667963.0,2015,02,2015-02
San Francisco,CA,5,1768102.0,2015,03,2015-03
Berkeley,CA,5,1338647.0,2015,03,2015-03
Mountain View,CA,5,2260249.0,2015,03,2015-03
Palo Alto,CA,5,3217013.0,2015,03,2015-03
Foster City,CA,5,1695543.0,2015,03,2015-03
San Francisco,CA,5,1798531.0,2015,04,2015-04
Berkeley,CA,5,1362676.0,2015,04,2015-04
Mountain View,CA,5,2285871.0,2015,04,2015-04
Palo Alto,CA,5,3239894.0,2015,04,2015-04
Foster City,CA,5,1713833.0,2015,04,2015-04
San Francisco,CA,5,1811814.0,2015,05,2015-05
Berkeley,CA,5,1376943.0,2015,05,2015-05
Mountain View,CA,5,2311734.0,2015,05,2015-05
Palo Alto,CA,5,3257381.0,2015,05,2015-05
Foster City,CA,5,1720772.0,2015,05,2015-05
San Francisco,CA,5,1837672.0,2015,06,2015-06
Berkeley,CA,5,1387274.0,2015,06,2015-06
Mountain View,CA,5,2308497.0,2015,06,2015-06
Palo Alto,CA,5,3233626.0,2015,06,2015-06
Foster City,CA,5,1719429.0,2015,06,2015-06
San Francisco,CA,5,1865655.0,2015,07,2015-07
Berkeley,CA,5,1403728.0,2015,07,2015-07
Mountain View,CA,5,2310485.0,2015,07,2015-07
Palo Alto,CA,5,3217500.0,2015,07,2015-07
Foster City,CA,5,1726155.0,2015,07,2015-07
San Francisco,CA,5,1879831.0,2015,08,2015-08
Berkeley,CA,5,1426880.0,2015,08,2015-08
Mountain View,CA,5,2323063.0,2015,08,2015-08
Palo Alto,CA,5,3230583.0,2015,08,2015-08
Foster City,CA,5,1751006.0,2015,08,2015-08
San Francisco,CA,5,1885408.0,2015,09,2015-09
Berkeley,CA,5,1457604.0,2015,09,2015-09
Mountain View,CA,5,2351242.0,2015,09,2015-09
Palo Alto,CA,5,3252981.0,2015,09,2015-09
Foster City,CA,5,1777669.0,2015,09,2015-09
San Francisco,CA,5,1886678.0,2015,10,2015-10
Berkeley,CA,5,1476825.0,2015,10,2015-10
Mountain View,CA,5,2341575.0,2015,10,2015-10
Palo Alto,CA,5,3285128.0,2015,10,2015-10
Foster City,CA,5,1805846.0,2015,10,2015-10
San Francisco,CA,5,1893570.0,2015,11,2015-11
Berkeley,CA,5,1491224.0,2015,11,2015-11
Mountain View,CA,5,2322109.0,2015,11,2015-11
Palo Alto,CA,5,3299629.0,2015,11,2015-11
Foster City,CA,5,1822137.0,2015,11,2015-11
San Francisco,CA,5,1908914.0,2015,12,2015-12
Berkeley,CA,5,1508240.0,2015,12,2015-12
Mountain View,CA,5,2297623.0,2015,12,2015-12
Palo Alto,CA,5,3320610.0,2015,12,2015-12
Foster City,CA,5,1823949.0,2015,12,2015-12
San Francisco,CA,5,1926939.0,2016,01,2016-01
Berkeley,CA,5,1540263.0,2016,01,2016-01
Mountain View,CA,5,2309309.0,2016,01,2016-01
Palo Alto,CA,5,3339372.0,2016,01,2016-01
Foster City,CA,5,1839364.0,2016,01,2016-01
San Francisco,CA,5,1931447.0,2016,02,2016-02
Berkeley,CA,5,1570014.0,2016,02,2016-02
Mountain View,CA,5,2316742.0,2016,02,2016-02
Palo Alto,CA,5,3343843.0,2016,02,2016-02
Foster City,CA,5,1844538.0,2016,02,2016-02
San Francisco,CA,5,1924858.0,2016,03,2016-03
Berkeley,CA,5,1583929.0,2016,03,2016-03
Mountain View,CA,5,2325239.0,2016,03,2016-03
Palo Alto,CA,5,3344779.0,2016,03,2016-03
Foster City,CA,5,1846585.0,2016,03,2016-03
San Francisco,CA,5,1909806.0,2016,04,2016-04
Berkeley,CA,5,1596582.0,2016,04,2016-04
Mountain View,CA,5,2343825.0,2016,04,2016-04
Palo Alto,CA,5,3372358.0,2016,04,2016-04
Foster City,CA,5,1846789.0,2016,04,2016-04
San Francisco,CA,5,1915624.0,2016,05,2016-05
Berkeley,CA,5,1611672.0,2016,05,2016-05
Mountain View,CA,5,2348130.0,2016,05,2016-05
Palo Alto,CA,5,3378994.0,2016,05,2016-05
Foster City,CA,5,1842707.0,2016,05,2016-05
San Francisco,CA,5,1911299.0,2016,06,2016-06
Berkeley,CA,5,1627401.0,2016,06,2016-06
Mountain View,CA,5,2361705.0,2016,06,2016-06
Palo Alto,CA,5,3409637.0,2016,06,2016-06
Foster City,CA,5,1851689.0,2016,06,2016-06
San Francisco,CA,5,1912271.0,2016,07,2016-07
Berkeley,CA,5,1640779.0,2016,07,2016-07
Mountain View,CA,5,2343654.0,2016,07,2016-07
Palo Alto,CA,5,3434812.0,2016,07,2016-07
Foster City,CA,5,1842319.0,2016,07,2016-07
San Francisco,CA,5,1920230.0,2016,08,2016-08
Berkeley,CA,5,1658847.0,2016,08,2016-08
Mountain View,CA,5,2339723.0,2016,08,2016-08
Palo Alto,CA,5,3479086.0,2016,08,2016-08
Foster City,CA,5,1832536.0,2016,08,2016-08
San Francisco,CA,5,1946857.0,2016,09,2016-09
Berkeley,CA,5,1670201.0,2016,09,2016-09
Mountain View,CA,5,2317446.0,2016,09,2016-09
Palo Alto,CA,5,3491250.0,2016,09,2016-09
Foster City,CA,5,1826461.0,2016,09,2016-09
San Francisco,CA,5,1977296.0,2016,10,2016-10
Berkeley,CA,5,1694998.0,2016,10,2016-10
Mountain View,CA,5,2341285.0,2016,10,2016-10
Palo Alto,CA,5,3495236.0,2016,10,2016-10
Foster City,CA,5,1828864.0,2016,10,2016-10
San Francisco,CA,5,2004467.0,2016,11,2016-11
Berkeley,CA,5,1712595.0,2016,11,2016-11
Mountain View,CA,5,2352593.0,2016,11,2016-11
Palo Alto,CA,5,3501129.0,2016,11,2016-11
Foster City,CA,5,1832208.0,2016,11,2016-11
San Francisco,CA,5,2016344.0,2016,12,2016-12
Berkeley,CA,5,1731684.0,2016,12,2016-12
Mountain View,CA,5,2374709.0,2016,12,2016-12
Palo Alto,CA,5,3523914.0,2016,12,2016-12
Foster City,CA,5,1849776.0,2016,12,2016-12
San Francisco,CA,5,2020762.0,2017,01,2017-01
Berkeley,CA,5,1733406.0,2017,01,2017-01
Mountain View,CA,5,2378062.0,2017,01,2017-01
Palo Alto,CA,5,3546129.0,2017,01,2017-01
Foster City,CA,5,1861192.0,2017,01,2017-01
San Francisco,CA,5,2020575.0,2017,02,2017-02
Berkeley,CA,5,1740645.0,2017,02,2017-02
Mountain View,CA,5,2395924.0,2017,02,2017-02
Palo Alto,CA,5,3577305.0,2017,02,2017-02
Foster City,CA,5,1876193.0,2017,02,2017-02
San Francisco,CA,5,2025187.0,2017,03,2017-03
Berkeley,CA,5,1757251.0,2017,03,2017-03
Mountain View,CA,5,2408109.0,2017,03,2017-03
Palo Alto,CA,5,3602516.0,2017,03,2017-03
Foster City,CA,5,1878977.0,2017,03,2017-03
San Francisco,CA,5,2040939.0,2017,04,2017-04
Berkeley,CA,5,1769327.0,2017,04,2017-04
Mountain View,CA,5,2419578.0,2017,04,2017-04
Palo Alto,CA,5,3637866.0,2017,04,2017-04
Foster City,CA,5,1887585.0,2017,04,2017-04
San Francisco,CA,5,2069348.0,2017,05,2017-05
Berkeley,CA,5,1780774.0,2017,05,2017-05
Mountain View,CA,5,2432668.0,2017,05,2017-05
Palo Alto,CA,5,3683630.0,2017,05,2017-05
Foster City,CA,5,1902203.0,2017,05,2017-05
San Francisco,CA,5,2097818.0,2017,06,2017-06
Berkeley,CA,5,1796779.0,2017,06,2017-06
Mountain View,CA,5,2457619.0,2017,06,2017-06
Palo Alto,CA,5,3737508.0,2017,06,2017-06
Foster City,CA,5,1917718.0,2017,06,2017-06
San Francisco,CA,5,2100283.0,2017,07,2017-07
Berkeley,CA,5,1825042.0,2017,07,2017-07
Mountain View,CA,5,2482105.0,2017,07,2017-07
Palo Alto,CA,5,3767988.0,2017,07,2017-07
Foster City,CA,5,1943794.0,2017,07,2017-07
San Francisco,CA,5,2105500.0,2017,08,2017-08
Berkeley,CA,5,1843543.0,2017,08,2017-08
Mountain View,CA,5,2513828.0,2017,08,2017-08
Palo Alto,CA,5,3795127.0,2017,08,2017-08
Foster City,CA,5,1966585.0,2017,08,2017-08
San Francisco,CA,5,2110011.0,2017,09,2017-09
Berkeley,CA,5,1867178.0,2017,09,2017-09
Mountain View,CA,5,2554944.0,2017,09,2017-09
Palo Alto,CA,5,3859616.0,2017,09,2017-09
Foster City,CA,5,1987617.0,2017,09,2017-09
San Francisco,CA,5,2128246.0,2017,10,2017-10
Berkeley,CA,5,1881877.0,2017,10,2017-10
Mountain View,CA,5,2602607.0,2017,10,2017-10
Palo Alto,CA,5,3943073.0,2017,10,2017-10
Foster City,CA,5,2023769.0,2017,10,2017-10
San Francisco,CA,5,2148356.0,2017,11,2017-11
Berkeley,CA,5,1906542.0,2017,11,2017-11
Mountain View,CA,5,2660339.0,2017,11,2017-11
Palo Alto,CA,5,4040157.0,2017,11,2017-11
Foster City,CA,5,2073139.0,2017,11,2017-11
San Francisco,CA,5,2174504.0,2017,12,2017-12
Berkeley,CA,5,1932855.0,2017,12,2017-12
Mountain View,CA,5,2721543.0,2017,12,2017-12
Palo Alto,CA,5,4119688.0,2017,12,2017-12
Foster City,CA,5,2120340.0,2017,12,2017-12
San Francisco,CA,5,2196559.0,2018,01,2018-01
Berkeley,CA,5,1962495.0,2018,01,2018-01
Mountain View,CA,5,2783453.0,2018,01,2018-01
Palo Alto,CA,5,4212905.0,2018,01,2018-01
Foster City,CA,5,2149333.0,2018,01,2018-01
San Francisco,CA,5,2218799.0,2018,02,2018-02
Berkeley,CA,5,1980994.0,2018,02,2018-02
Mountain View,CA,5,2834847.0,2018,02,2018-02
Palo Alto,CA,5,4297279.0,2018,02,2018-02
Foster City,CA,5,2160417.0,2018,02,2018-02
San Francisco,CA,5,2254225.0,2018,03,2018-03
Berkeley,CA,5,1994226.0,2018,03,2018-03
Mountain View,CA,5,2873320.0,2018,03,2018-03
Palo Alto,CA,5,4370720.0,2018,03,2018-03
Foster City,CA,5,2191076.0,2018,03,2018-03
San Francisco,CA,5,2290930.0,2018,04,2018-04
Berkeley,CA,5,2014476.0,2018,04,2018-04
Mountain View,CA,5,2901355.0,2018,04,2018-04
Palo Alto,CA,5,4396556.0,2018,04,2018-04
Foster City,CA,5,2227352.0,2018,04,2018-04
San Francisco,CA,5,2308713.0,2018,05,2018-05
Berkeley,CA,5,2045020.0,2018,05,2018-05
Mountain View,CA,5,2949780.0,2018,05,2018-05
Palo Alto,CA,5,4446451.0,2018,05,2018-05
Foster City,CA,5,2276035.0,2018,05,2018-05
San Francisco,CA,5,2334182.0,2018,06,2018-06
Berkeley,CA,5,2061898.0,2018,06,2018-06
Mountain View,CA,5,2994176.0,2018,06,2018-06
Palo Alto,CA,5,4486827.0,2018,06,2018-06
Foster City,CA,5,2302985.0,2018,06,2018-06
San Francisco,CA,5,2387892.0,2018,07,2018-07
Berkeley,CA,5,2044278.0,2018,07,2018-07
Mountain View,CA,5,3049281.0,2018,07,2018-07
Palo Alto,CA,5,4547711.0,2018,07,2018-07
Foster City,CA,5,2320390.0,2018,07,2018-07
San Francisco,CA,5,2444832.0,2018,08,2018-08
Berkeley,CA,5,2022018.0,2018,08,2018-08
Mountain View,CA,5,3063819.0,2018,08,2018-08
Palo Alto,CA,5,4551564.0,2018,08,2018-08
Foster City,CA,5,2336499.0,2018,08,2018-08
San Francisco,CA,5,2478703.0,2018,09,2018-09
Berkeley,CA,5,2005794.0,2018,09,2018-09
Mountain View,CA,5,3057600.0,2018,09,2018-09
Palo Alto,CA,5,4517786.0,2018,09,2018-09
Foster City,CA,5,2346010.0,2018,09,2018-09
San Francisco,CA,5,2483677.0,2018,10,2018-10
Berkeley,CA,5,2001078.0,2018,10,2018-10
Mountain View,CA,5,3030001.0,2018,10,2018-10
Palo Alto,CA,5,4472208.0,2018,10,2018-10
Foster City,CA,5,2339605.0,2018,10,2018-10
San Francisco,CA,5,2475951.0,2018,11,2018-11
Berkeley,CA,5,1993222.0,2018,11,2018-11
Mountain View,CA,5,2994444.0,2018,11,2018-11
Palo Alto,CA,5,4409502.0,2018,11,2018-11
Foster City,CA,5,2306983.0,2018,11,2018-11
San Francisco,CA,5,2460716.0,2018,12,2018-12
Berkeley,CA,5,1970835.0,2018,12,2018-12
Mountain View,CA,5,2944302.0,2018,12,2018-12
Palo Alto,CA,5,4344704.0,2018,12,2018-12
Foster City,CA,5,2274248.0,2018,12,2018-12
San Francisco,CA,5,2470256.0,2019,01,2019-01
Berkeley,CA,5,1954038.0,2019,01,2019-01
Mountain View,CA,5,2884194.0,2019,01,2019-01
Palo Alto,CA,5,4257885.0,2019,01,2019-01
Foster City,CA,5,2251301.0,2019,01,2019-01
San Francisco,CA,5,2481453.0,2019,02,2019-02
Berkeley,CA,5,1948554.0,2019,02,2019-02
Mountain View,CA,5,2842440.0,2019,02,2019-02
Palo Alto,CA,5,4199074.0,2019,02,2019-02
Foster City,CA,5,2256354.0,2019,02,2019-02
San Francisco,CA,5,2494409.0,2019,03,2019-03
Berkeley,CA,5,1944662.0,2019,03,2019-03
Mountain View,CA,5,2816472.0,2019,03,2019-03
Palo Alto,CA,5,4154841.0,2019,03,2019-03
Foster City,CA,5,2264047.0,2019,03,2019-03
San Francisco,CA,5,2491241.0,2019,04,2019-04
Berkeley,CA,5,1952899.0,2019,04,2019-04
Mountain View,CA,5,2822611.0,2019,04,2019-04
Palo Alto,CA,5,4164990.0,2019,04,2019-04
Foster City,CA,5,2273268.0,2019,04,2019-04
San Francisco,CA,5,2511105.0,2019,05,2019-05
Berkeley,CA,5,1969374.0,2019,05,2019-05
Mountain View,CA,5,2817926.0,2019,05,2019-05
Palo Alto,CA,5,4165296.0,2019,05,2019-05
Foster City,CA,5,2283643.0,2019,05,2019-05
San Francisco,CA,5,2527536.0,2019,06,2019-06
Berkeley,CA,5,1992897.0,2019,06,2019-06
Mountain View,CA,5,2806879.0,2019,06,2019-06
Palo Alto,CA,5,4152847.0,2019,06,2019-06
Foster City,CA,5,2269470.0,2019,06,2019-06
San Francisco,CA,5,2543050.0,2019,07,2019-07
Berkeley,CA,5,2008003.0,2019,07,2019-07
Mountain View,CA,5,2783017.0,2019,07,2019-07
Palo Alto,CA,5,4111995.0,2019,07,2019-07
Foster City,CA,5,2245967.0,2019,07,2019-07
San Francisco,CA,5,2538888.0,2019,08,2019-08
Berkeley,CA,5,2007549.0,2019,08,2019-08
Mountain View,CA,5,2757462.0,2019,08,2019-08
Palo Alto,CA,5,4070682.0,2019,08,2019-08
Foster City,CA,5,2196771.0,2019,08,2019-08
San Francisco,CA,5,2548897.0,2019,09,2019-09
Berkeley,CA,5,2005889.0,2019,09,2019-09
Mountain View,CA,5,2761582.0,2019,09,2019-09
Palo Alto,CA,5,4069450.0,2019,09,2019-09
Foster City,CA,5,2186153.0,2019,09,2019-09
San Francisco,CA,5,2581158.0,2019,10,2019-10
Berkeley,CA,5,2006392.0,2019,10,2019-10
Mountain View,CA,5,2758577.0,2019,10,2019-10
Palo Alto,CA,5,4070034.0,2019,10,2019-10
Foster City,CA,5,2168737.0,2019,10,2019-10
San Francisco,CA,5,2620276.0,2019,11,2019-11
Berkeley,CA,5,2009662.0,2019,11,2019-11
Mountain View,CA,5,2766961.0,2019,11,2019-11
Palo Alto,CA,5,4082838.0,2019,11,2019-11
Foster City,CA,5,2171060.0,2019,11,2019-11
San Francisco,CA,5,2659775.0,2019,12,2019-12
Berkeley,CA,5,2026318.0,2019,12,2019-12
Mountain View,CA,5,2778188.0,2019,12,2019-12
Palo Alto,CA,5,4095161.0,2019,12,2019-12
Foster City,CA,5,2165804.0,2019,12,2019-12
San Francisco,CA,5,2670116.0,2020,01,2020-01
Berkeley,CA,5,2050398.0,2020,01,2020-01
Mountain View,CA,5,2812392.0,2020,01,2020-01
Palo Alto,CA,5,4135994.0,2020,01,2020-01
Foster City,CA,5,2179357.0,2020,01,2020-01
San Francisco,CA,5,2676493.0,2020,02,2020-02
Berkeley,CA,5,2063253.0,2020,02,2020-02
Mountain View,CA,5,2851924.0,2020,02,2020-02
Palo Alto,CA,5,4191960.0,2020,02,2020-02
Foster City,CA,5,2175637.0,2020,02,2020-02
San Francisco,CA,5,2670979.0,2020,03,2020-03
Berkeley,CA,5,2072588.0,2020,03,2020-03
Mountain View,CA,5,2893139.0,2020,03,2020-03
Palo Alto,CA,5,4251984.0,2020,03,2020-03
Foster City,CA,5,2159527.0,2020,03,2020-03
San Francisco,CA,5,2673139.0,2020,04,2020-04
Berkeley,CA,5,2068149.0,2020,04,2020-04
Mountain View,CA,5,2913167.0,2020,04,2020-04
Palo Alto,CA,5,4284147.0,2020,04,2020-04
Foster City,CA,5,2135315.0,2020,04,2020-04
San Francisco,CA,5,2668076.0,2020,05,2020-05
Berkeley,CA,5,2059015.0,2020,05,2020-05
Mountain View,CA,5,2925614.0,2020,05,2020-05
Palo Alto,CA,5,4297771.0,2020,05,2020-05
Foster City,CA,5,2107656.0,2020,05,2020-05
San Francisco,CA,5,2660417.0,2020,06,2020-06
Berkeley,CA,5,2051065.0,2020,06,2020-06
Mountain View,CA,5,2943528.0,2020,06,2020-06
Palo Alto,CA,5,4323952.0,2020,06,2020-06
Foster City,CA,5,2105957.0,2020,06,2020-06
San Francisco,CA,5,2643604.0,2020,07,2020-07
Berkeley,CA,5,2064924.0,2020,07,2020-07
Mountain View,CA,5,2968575.0,2020,07,2020-07
Palo Alto,CA,5,4368306.0,2020,07,2020-07
Foster City,CA,5,2113693.0,2020,07,2020-07
San Francisco,CA,5,2638666.0,2020,08,2020-08
Berkeley,CA,5,2097054.0,2020,08,2020-08
Mountain View,CA,5,3012570.0,2020,08,2020-08
Palo Alto,CA,5,4438636.0,2020,08,2020-08
Foster City,CA,5,2141211.0,2020,08,2020-08
San Francisco,CA,5,2632931.0,2020,09,2020-09
Berkeley,CA,5,2128421.0,2020,09,2020-09
Mountain View,CA,5,3041458.0,2020,09,2020-09
Palo Alto,CA,5,4486104.0,2020,09,2020-09
Foster City,CA,5,2144922.0,2020,09,2020-09
San Francisco,CA,5,2619349.0,2020,10,2020-10
Berkeley,CA,5,2156339.0,2020,10,2020-10
Mountain View,CA,5,3083242.0,2020,10,2020-10
Palo Alto,CA,5,4532612.0,2020,10,2020-10
Foster City,CA,5,2157152.0,2020,10,2020-10
San Francisco,CA,5,2604101.0,2020,11,2020-11
Berkeley,CA,5,2183380.0,2020,11,2020-11
Mountain View,CA,5,3118133.0,2020,11,2020-11
Palo Alto,CA,5,4573402.0,2020,11,2020-11
Foster City,CA,5,2163620.0,2020,11,2020-11
San Francisco,CA,5,2589205.0,2020,12,2020-12
Berkeley,CA,5,2208761.0,2020,12,2020-12
Mountain View,CA,5,3157406.0,2020,12,2020-12
Palo Alto,CA,5,4619062.0,2020,12,2020-12
Foster City,CA,5,2176664.0,2020,12,2020-12
